id,snapshot_date,category_tag_id,category_name,region,open_count,new_count,closed_count,is_demo
1,2026-07-14,517,HR,서울,215,10,2,0
2,2026-07-13,517,HR,서울,219,6,7,1
3,2026-07-12,517,HR,서울,216,12,3,1
4,2026-07-11,517,HR,서울,217,5,4,1
5,2026-07-10,517,HR,서울,217,5,3,1
6,2026-07-09,517,HR,서울,215,9,4,1
7,2026-07-08,517,HR,서울,213,11,2,1
8,2026-07-07,517,HR,서울,208,10,4,1
9,2026-07-06,517,HR,서울,214,12,4,1
10,2026-07-05,517,HR,서울,221,5,8,1
11,2026-07-04,517,HR,서울,219,11,7,1
12,2026-07-03,517,HR,서울,219,13,5,1
13,2026-07-02,517,HR,서울,218,12,6,1
14,2026-07-01,517,HR,서울,212,9,7,1
15,2026-07-14,518,개발,서울,1966,43,33,0
16,2026-07-13,518,개발,서울,2000,46,34,1
17,2026-07-12,518,개발,서울,2066,64,60,1
18,2026-07-11,518,개발,서울,2088,73,34,1
19,2026-07-10,518,개발,서울,2128,122,63,1
20,2026-07-09,518,개발,서울,2109,57,67,1
21,2026-07-08,518,개발,서울,2168,76,86,1
22,2026-07-07,518,개발,서울,2144,91,65,1
23,2026-07-06,518,개발,서울,2087,107,35,1
24,2026-07-05,518,개발,서울,2168,71,39,1
25,2026-07-04,518,개발,서울,2219,128,81,1
26,2026-07-03,518,개발,서울,2252,104,49,1
27,2026-07-02,518,개발,서울,2180,84,39,1
28,2026-07-01,518,개발,서울,2225,94,40,1
29,2026-07-14,523,마케팅·광고,서울,1675,73,62,0
30,2026-07-13,523,마케팅·광고,서울,1689,49,67,1
31,2026-07-12,523,마케팅·광고,서울,1687,40,19,1
32,2026-07-11,523,마케팅·광고,서울,1742,79,59,1
33,2026-07-10,523,마케팅·광고,서울,1753,40,38,1
34,2026-07-09,523,마케팅·광고,서울,1686,69,66,1
35,2026-07-08,523,마케팅·광고,서울,1638,34,52,1
36,2026-07-07,523,마케팅·광고,서울,1615,67,29,1
37,2026-07-06,523,마케팅·광고,서울,1597,39,37,1
38,2026-07-05,523,마케팅·광고,서울,1603,93,58,1
39,2026-07-04,523,마케팅·광고,서울,1634,65,25,1
40,2026-07-03,523,마케팅·광고,서울,1582,87,30,1
41,2026-07-02,523,마케팅·광고,서울,1564,69,23,1
42,2026-07-01,523,마케팅·광고,서울,1532,64,51,1
43,2026-07-14,521,법률·법집행기관,서울,75,3,1,0
44,2026-07-13,521,법률·법집행기관,서울,76,2,3,1
45,2026-07-12,521,법률·법집행기관,서울,74,4,1,1
46,2026-07-11,521,법률·법집행기관,서울,77,4,3,1
47,2026-07-10,521,법률·법집행기관,서울,79,3,1,1
48,2026-07-09,521,법률·법집행기관,서울,78,4,1,1
49,2026-07-08,521,법률·법집행기관,서울,78,3,1,1
50,2026-07-07,521,법률·법집행기관,서울,75,3,1,1
51,2026-07-06,521,법률·법집행기관,서울,75,4,1,1
52,2026-07-05,521,법률·법집행기관,서울,76,5,2,1
53,2026-07-04,521,법률·법집행기관,서울,77,3,1,1
54,2026-07-03,521,법률·법집행기관,서울,78,3,2,1
55,2026-07-02,521,법률·법집행기관,서울,80,2,1,1
56,2026-07-01,521,법률·법집행기관,서울,79,2,3,1
57,2026-07-14,511,디자인,서울,587,32,7,0
58,2026-07-13,511,디자인,서울,600,28,10,1
59,2026-07-12,511,디자인,서울,618,35,17,1
60,2026-07-11,511,디자인,서울,619,32,21,1
61,2026-07-10,511,디자인,서울,635,15,15,1
62,2026-07-09,511,디자인,서울,639,25,20,1
63,2026-07-08,511,디자인,서울,630,37,8,1
64,2026-07-07,511,디자인,서울,635,21,23,1
65,2026-07-06,511,디자인,서울,648,18,15,1
66,2026-07-05,511,디자인,서울,652,20,11,1
67,2026-07-04,511,디자인,서울,631,24,23,1
68,2026-07-03,511,디자인,서울,628,14,25,1
69,2026-07-02,511,디자인,서울,612,36,23,1
70,2026-07-01,511,디자인,서울,595,16,15,1
71,2026-07-14,507,경영·비즈니스,서울,1460,42,32,0
72,2026-07-13,507,경영·비즈니스,서울,1513,53,60,1
73,2026-07-12,507,경영·비즈니스,서울,1542,79,36,1
74,2026-07-11,507,경영·비즈니스,서울,1552,90,62,1
75,2026-07-10,507,경영·비즈니스,서울,1545,75,23,1
76,2026-07-09,507,경영·비즈니스,서울,1571,92,43,1
77,2026-07-08,507,경영·비즈니스,서울,1565,78,18,1
78,2026-07-07,507,경영·비즈니스,서울,1555,62,55,1
79,2026-07-06,507,경영·비즈니스,서울,1599,93,20,1
80,2026-07-05,507,경영·비즈니스,서울,1640,72,50,1
81,2026-07-04,507,경영·비즈니스,서울,1675,42,61,1
82,2026-07-03,507,경영·비즈니스,서울,1710,75,49,1
83,2026-07-02,507,경영·비즈니스,서울,1721,75,44,1
84,2026-07-01,507,경영·비즈니스,서울,1663,47,52,1
85,2026-07-14,530,영업,서울,781,23,17,0
86,2026-07-13,530,영업,서울,770,25,15,1
87,2026-07-12,530,영업,서울,755,17,18,1
88,2026-07-11,530,영업,서울,726,43,9,1
89,2026-07-10,530,영업,서울,743,23,28,1
90,2026-07-09,530,영업,서울,721,40,15,1
91,2026-07-08,530,영업,서울,742,40,23,1
92,2026-07-07,530,영업,서울,735,44,22,1
93,2026-07-06,530,영업,서울,765,40,15,1
94,2026-07-05,530,영업,서울,755,43,11,1
95,2026-07-04,530,영업,서울,779,19,21,1
96,2026-07-03,530,영업,서울,794,35,25,1
97,2026-07-02,530,영업,서울,813,37,15,1
98,2026-07-01,530,영업,서울,814,46,29,1
99,2026-07-14,518,개발,경기,338,8,8,0
100,2026-07-13,518,개발,경기,344,7,11,1
101,2026-07-12,518,개발,경기,340,10,11,1
102,2026-07-11,518,개발,경기,339,13,3,1
103,2026-07-10,518,개발,경기,351,19,13,1
104,2026-07-09,518,개발,경기,350,19,10,1
105,2026-07-08,518,개발,경기,360,9,7,1
106,2026-07-07,518,개발,경기,349,18,13,1
107,2026-07-06,518,개발,경기,338,10,6,1
108,2026-07-05,518,개발,경기,349,18,13,1
109,2026-07-04,518,개발,경기,352,16,5,1
110,2026-07-03,518,개발,경기,340,19,13,1
111,2026-07-02,518,개발,경기,332,18,4,1
112,2026-07-01,518,개발,경기,326,11,12,1
113,2026-07-14,510,고객서비스·리테일,서울,604,31,22,0
114,2026-07-13,510,고객서비스·리테일,서울,589,18,20,1
115,2026-07-12,510,고객서비스·리테일,서울,608,33,22,1
116,2026-07-11,510,고객서비스·리테일,서울,622,33,15,1
117,2026-07-10,510,고객서비스·리테일,서울,632,33,11,1
118,2026-07-09,510,고객서비스·리테일,서울,657,18,13,1
119,2026-07-08,510,고객서비스·리테일,서울,639,37,12,1
120,2026-07-07,510,고객서비스·리테일,서울,631,23,25,1
121,2026-07-06,510,고객서비스·리테일,서울,630,36,8,1
122,2026-07-05,510,고객서비스·리테일,서울,607,16,24,1
123,2026-07-04,510,고객서비스·리테일,서울,618,15,14,1
124,2026-07-03,510,고객서비스·리테일,서울,607,20,17,1
125,2026-07-02,510,고객서비스·리테일,서울,607,21,17,1
126,2026-07-01,510,고객서비스·리테일,서울,619,30,6,1
127,2026-07-14,510,고객서비스·리테일,경기,63,4,2,0
128,2026-07-13,510,고객서비스·리테일,경기,62,3,2,1
129,2026-07-12,510,고객서비스·리테일,경기,63,1,2,1
130,2026-07-11,510,고객서비스·리테일,경기,63,2,2,1
131,2026-07-10,510,고객서비스·리테일,경기,62,2,1,1
132,2026-07-09,510,고객서비스·리테일,경기,63,2,1,1
133,2026-07-08,510,고객서비스·리테일,경기,65,2,2,1
134,2026-07-07,510,고객서비스·리테일,경기,64,4,2,1
135,2026-07-06,510,고객서비스·리테일,경기,65,3,1,1
136,2026-07-05,510,고객서비스·리테일,경기,66,2,2,1
137,2026-07-04,510,고객서비스·리테일,경기,65,3,2,1
138,2026-07-03,510,고객서비스·리테일,경기,67,3,2,1
139,2026-07-02,510,고객서비스·리테일,경기,65,2,1,1
140,2026-07-01,510,고객서비스·리테일,경기,65,3,1,1
141,2026-07-14,10101,교육,서울,42,2,1,0
142,2026-07-13,10101,교육,서울,41,1,1,1
143,2026-07-12,10101,교육,서울,43,1,1,1
144,2026-07-11,10101,교육,서울,42,1,1,1
145,2026-07-10,10101,교육,서울,41,1,1,1
146,2026-07-09,10101,교육,서울,41,1,1,1
147,2026-07-08,10101,교육,서울,43,2,1,1
148,2026-07-07,10101,교육,서울,45,2,1,1
149,2026-07-06,10101,교육,서울,43,2,0,1
150,2026-07-05,10101,교육,서울,44,2,1,1
151,2026-07-04,10101,교육,서울,43,2,2,1
152,2026-07-03,10101,교육,서울,43,2,2,1
153,2026-07-02,10101,교육,서울,42,2,1,1
154,2026-07-01,10101,교육,서울,41,2,2,1
155,2026-07-14,522,제조·생산,경기,34,2,1,0
156,2026-07-13,522,제조·생산,경기,35,1,1,1
157,2026-07-12,522,제조·생산,경기,34,1,1,1
158,2026-07-11,522,제조·생산,경기,35,1,1,1
159,2026-07-10,522,제조·생산,경기,35,1,1,1
160,2026-07-09,522,제조·생산,경기,36,1,1,1
161,2026-07-08,522,제조·생산,경기,36,1,1,1
162,2026-07-07,522,제조·생산,경기,36,1,1,1
163,2026-07-06,522,제조·생산,경기,36,2,1,1
164,2026-07-05,522,제조·생산,경기,35,2,1,1
165,2026-07-04,522,제조·생산,경기,36,1,1,1
166,2026-07-03,522,제조·생산,경기,35,2,1,1
167,2026-07-02,522,제조·생산,경기,35,2,1,1
168,2026-07-01,522,제조·생산,경기,35,1,1,1
169,2026-07-14,513,엔지니어링·설계,서울,135,5,1,0
170,2026-07-13,513,엔지니어링·설계,서울,137,6,3,1
171,2026-07-12,513,엔지니어링·설계,서울,141,5,2,1
172,2026-07-11,513,엔지니어링·설계,서울,139,3,3,1
173,2026-07-10,513,엔지니어링·설계,서울,138,3,4,1
174,2026-07-09,513,엔지니어링·설계,서울,143,6,2,1
175,2026-07-08,513,엔지니어링·설계,서울,144,4,3,1
176,2026-07-07,513,엔지니어링·설계,서울,141,5,5,1
177,2026-07-06,513,엔지니어링·설계,서울,137,4,2,1
178,2026-07-05,513,엔지니어링·설계,서울,143,6,6,1
179,2026-07-04,513,엔지니어링·설계,서울,145,7,5,1
180,2026-07-03,513,엔지니어링·설계,서울,143,7,6,1
181,2026-07-02,513,엔지니어링·설계,서울,146,3,2,1
182,2026-07-01,513,엔지니어링·설계,서울,151,7,4,1
183,2026-07-14,511,디자인,제주,4,0,0,0
184,2026-07-13,511,디자인,제주,4,0,0,1
185,2026-07-12,511,디자인,제주,4,0,0,1
186,2026-07-11,511,디자인,제주,4,0,0,1
187,2026-07-10,511,디자인,제주,4,0,0,1
188,2026-07-09,511,디자인,제주,4,0,0,1
189,2026-07-08,511,디자인,제주,4,0,0,1
190,2026-07-07,511,디자인,제주,4,0,0,1
191,2026-07-06,511,디자인,제주,4,0,0,1
192,2026-07-05,511,디자인,제주,4,0,0,1
193,2026-07-04,511,디자인,제주,4,0,0,1
194,2026-07-03,511,디자인,제주,4,0,0,1
195,2026-07-02,511,디자인,제주,4,0,0,1
196,2026-07-01,511,디자인,제주,4,0,0,1
197,2026-07-14,532,물류·무역,서울,103,3,4,0
198,2026-07-13,532,물류·무역,서울,103,4,2,1
199,2026-07-12,532,물류·무역,서울,101,3,4,1
200,2026-07-11,532,물류·무역,서울,98,2,4,1
201,2026-07-10,532,물류·무역,서울,100,4,3,1
202,2026-07-09,532,물류·무역,서울,101,2,4,1
203,2026-07-08,532,물류·무역,서울,104,3,4,1
204,2026-07-07,532,물류·무역,서울,105,6,3,1
205,2026-07-06,532,물류·무역,서울,107,2,4,1
206,2026-07-05,532,물류·무역,서울,111,5,3,1
207,2026-07-04,532,물류·무역,서울,109,5,3,1
208,2026-07-03,532,물류·무역,서울,109,6,1,1
209,2026-07-02,532,물류·무역,서울,111,5,2,1
210,2026-07-01,532,물류·무역,서울,110,4,3,1
211,2026-07-14,10566,정보보호,경기,13,0,0,0
212,2026-07-13,10566,정보보호,경기,13,1,0,1
213,2026-07-12,10566,정보보호,경기,13,0,0,1
214,2026-07-11,10566,정보보호,경기,14,1,0,1
215,2026-07-10,10566,정보보호,경기,14,0,0,1
216,2026-07-09,10566,정보보호,경기,14,1,0,1
217,2026-07-08,10566,정보보호,경기,14,0,0,1
218,2026-07-07,10566,정보보호,경기,15,0,0,1
219,2026-07-06,10566,정보보호,경기,14,0,1,1
220,2026-07-05,10566,정보보호,경기,14,1,0,1
221,2026-07-04,10566,정보보호,경기,14,1,1,1
222,2026-07-03,10566,정보보호,경기,14,1,0,1
223,2026-07-02,10566,정보보호,경기,14,0,1,1
224,2026-07-01,10566,정보보호,경기,14,1,0,1
225,2026-07-14,530,영업,경기,96,2,3,0
226,2026-07-13,530,영업,경기,100,3,3,1
227,2026-07-12,530,영업,경기,101,6,1,1
228,2026-07-11,530,영업,경기,99,4,3,1
229,2026-07-10,530,영업,경기,101,4,2,1
230,2026-07-09,530,영업,경기,102,6,4,1
231,2026-07-08,530,영업,경기,103,5,3,1
232,2026-07-07,530,영업,경기,101,6,2,1
233,2026-07-06,530,영업,경기,104,5,2,1
234,2026-07-05,530,영업,경기,107,2,1,1
235,2026-07-04,530,영업,경기,107,5,2,1
236,2026-07-03,530,영업,경기,109,5,3,1
237,2026-07-02,530,영업,경기,110,5,4,1
238,2026-07-01,530,영업,경기,107,5,3,1
239,2026-07-14,515,의료·제약·바이오,경기,25,1,1,0
240,2026-07-13,515,의료·제약·바이오,경기,25,1,1,1
241,2026-07-12,515,의료·제약·바이오,경기,24,1,0,1
242,2026-07-11,515,의료·제약·바이오,경기,25,1,1,1
243,2026-07-10,515,의료·제약·바이오,경기,25,1,1,1
244,2026-07-09,515,의료·제약·바이오,경기,25,1,1,1
245,2026-07-08,515,의료·제약·바이오,경기,25,1,0,1
246,2026-07-07,515,의료·제약·바이오,경기,25,1,0,1
247,2026-07-06,515,의료·제약·바이오,경기,26,2,1,1
248,2026-07-05,515,의료·제약·바이오,경기,26,2,1,1
249,2026-07-04,515,의료·제약·바이오,경기,25,1,0,1
250,2026-07-03,515,의료·제약·바이오,경기,25,1,1,1
251,2026-07-02,515,의료·제약·바이오,경기,24,1,1,1
252,2026-07-01,515,의료·제약·바이오,경기,24,1,0,1
253,2026-07-14,523,마케팅·광고,경기,102,3,2,0
254,2026-07-13,523,마케팅·광고,경기,101,5,2,1
255,2026-07-12,523,마케팅·광고,경기,99,3,4,1
256,2026-07-11,523,마케팅·광고,경기,97,4,2,1
257,2026-07-10,523,마케팅·광고,경기,98,3,4,1
258,2026-07-09,523,마케팅·광고,경기,99,4,4,1
259,2026-07-08,523,마케팅·광고,경기,98,4,2,1
260,2026-07-07,523,마케팅·광고,경기,100,3,3,1
261,2026-07-06,523,마케팅·광고,경기,99,5,2,1
262,2026-07-05,523,마케팅·광고,경기,99,6,2,1
263,2026-07-04,523,마케팅·광고,경기,97,2,4,1
264,2026-07-03,523,마케팅·광고,경기,96,3,1,1
265,2026-07-02,523,마케팅·광고,경기,96,4,1,1
266,2026-07-01,523,마케팅·광고,경기,92,5,2,1
267,2026-07-14,510,고객서비스·리테일,강원,2,0,0,0
268,2026-07-13,510,고객서비스·리테일,강원,2,0,0,1
269,2026-07-12,510,고객서비스·리테일,강원,2,0,0,1
270,2026-07-11,510,고객서비스·리테일,강원,2,0,0,1
271,2026-07-10,510,고객서비스·리테일,강원,2,0,0,1
272,2026-07-09,510,고객서비스·리테일,강원,2,0,0,1
273,2026-07-08,510,고객서비스·리테일,강원,2,0,0,1
274,2026-07-07,510,고객서비스·리테일,강원,2,0,0,1
275,2026-07-06,510,고객서비스·리테일,강원,2,0,0,1
276,2026-07-05,510,고객서비스·리테일,강원,2,0,0,1
277,2026-07-04,510,고객서비스·리테일,강원,2,0,0,1
278,2026-07-03,510,고객서비스·리테일,강원,2,0,0,1
279,2026-07-02,510,고객서비스·리테일,강원,2,0,0,1
280,2026-07-01,510,고객서비스·리테일,강원,2,0,0,1
281,2026-07-14,515,의료·제약·바이오,서울,32,2,1,0
282,2026-07-13,515,의료·제약·바이오,서울,32,2,1,1
283,2026-07-12,515,의료·제약·바이오,서울,32,1,1,1
284,2026-07-11,515,의료·제약·바이오,서울,31,2,1,1
285,2026-07-10,515,의료·제약·바이오,서울,32,1,1,1
286,2026-07-09,515,의료·제약·바이오,서울,31,1,1,1
287,2026-07-08,515,의료·제약·바이오,서울,32,1,1,1
288,2026-07-07,515,의료·제약·바이오,서울,32,2,1,1
289,2026-07-06,515,의료·제약·바이오,서울,31,2,1,1
290,2026-07-05,515,의료·제약·바이오,서울,32,1,1,1
291,2026-07-04,515,의료·제약·바이오,서울,31,2,0,1
292,2026-07-03,515,의료·제약·바이오,서울,32,1,1,1
293,2026-07-02,515,의료·제약·바이오,서울,31,2,1,1
294,2026-07-01,515,의료·제약·바이오,서울,32,1,1,1
295,2026-07-14,523,마케팅·광고,강원,3,0,0,0
296,2026-07-13,523,마케팅·광고,강원,3,0,0,1
297,2026-07-12,523,마케팅·광고,강원,3,0,0,1
298,2026-07-11,523,마케팅·광고,강원,3,0,0,1
299,2026-07-10,523,마케팅·광고,강원,3,0,0,1
300,2026-07-09,523,마케팅·광고,강원,3,0,0,1
301,2026-07-08,523,마케팅·광고,강원,3,0,0,1
302,2026-07-07,523,마케팅·광고,강원,3,0,0,1
303,2026-07-06,523,마케팅·광고,강원,3,0,0,1
304,2026-07-05,523,마케팅·광고,강원,3,0,0,1
305,2026-07-04,523,마케팅·광고,강원,3,0,0,1
306,2026-07-03,523,마케팅·광고,강원,3,0,0,1
307,2026-07-02,523,마케팅·광고,강원,3,0,0,1
308,2026-07-01,523,마케팅·광고,강원,3,0,0,1
309,2026-07-14,532,물류·무역,경기,28,2,1,0
310,2026-07-13,532,물류·무역,경기,29,1,1,1
311,2026-07-12,532,물류·무역,경기,28,1,1,1
312,2026-07-11,532,물류·무역,경기,28,2,1,1
313,2026-07-10,532,물류·무역,경기,27,1,1,1
314,2026-07-09,532,물류·무역,경기,27,1,1,1
315,2026-07-08,532,물류·무역,경기,27,1,1,1
316,2026-07-07,532,물류·무역,경기,26,1,1,1
317,2026-07-06,532,물류·무역,경기,27,1,1,1
318,2026-07-05,532,물류·무역,경기,26,1,0,1
319,2026-07-04,532,물류·무역,경기,26,1,0,1
320,2026-07-03,532,물류·무역,경기,26,2,1,1
321,2026-07-02,532,물류·무역,경기,25,1,0,1
322,2026-07-01,532,물류·무역,경기,24,1,1,1
323,2026-07-14,518,개발,대전,32,2,1,0
324,2026-07-13,518,개발,대전,33,2,0,1
325,2026-07-12,518,개발,대전,32,2,1,1
326,2026-07-11,518,개발,대전,31,2,1,1
327,2026-07-10,518,개발,대전,31,2,0,1
328,2026-07-09,518,개발,대전,31,1,1,1
329,2026-07-08,518,개발,대전,30,1,1,1
330,2026-07-07,518,개발,대전,29,1,0,1
331,2026-07-06,518,개발,대전,31,2,1,1
332,2026-07-05,518,개발,대전,30,1,0,1
333,2026-07-04,518,개발,대전,29,2,1,1
334,2026-07-03,518,개발,대전,29,1,1,1
335,2026-07-02,518,개발,대전,30,1,0,1
336,2026-07-01,518,개발,대전,29,1,1,1
337,2026-07-14,959,게임 제작,서울,39,2,1,0
338,2026-07-13,959,게임 제작,서울,38,1,1,1
339,2026-07-12,959,게임 제작,서울,39,1,1,1
340,2026-07-11,959,게임 제작,서울,39,1,2,1
341,2026-07-10,959,게임 제작,서울,40,1,1,1
342,2026-07-09,959,게임 제작,서울,39,2,1,1
343,2026-07-08,959,게임 제작,서울,38,2,1,1
344,2026-07-07,959,게임 제작,서울,39,1,1,1
345,2026-07-06,959,게임 제작,서울,40,2,1,1
346,2026-07-05,959,게임 제작,서울,39,2,1,1
347,2026-07-04,959,게임 제작,서울,41,2,1,1
348,2026-07-03,959,게임 제작,서울,42,2,1,1
349,2026-07-02,959,게임 제작,서울,41,1,1,1
350,2026-07-01,959,게임 제작,서울,40,1,1,1
351,2026-07-14,518,개발,제주,4,0,0,0
352,2026-07-13,518,개발,제주,4,0,0,1
353,2026-07-12,518,개발,제주,4,0,0,1
354,2026-07-11,518,개발,제주,4,0,0,1
355,2026-07-10,518,개발,제주,4,0,0,1
356,2026-07-09,518,개발,제주,4,0,0,1
357,2026-07-08,518,개발,제주,4,0,0,1
358,2026-07-07,518,개발,제주,4,0,0,1
359,2026-07-06,518,개발,제주,4,0,0,1
360,2026-07-05,518,개발,제주,4,0,0,1
361,2026-07-04,518,개발,제주,4,0,0,1
362,2026-07-03,518,개발,제주,4,0,0,1
363,2026-07-02,518,개발,제주,4,0,0,1
364,2026-07-01,518,개발,제주,4,0,0,1
365,2026-07-14,524,미디어,서울,207,9,5,0
366,2026-07-13,524,미디어,서울,210,13,5,1
367,2026-07-12,524,미디어,서울,211,9,3,1
368,2026-07-11,524,미디어,서울,207,11,6,1
369,2026-07-10,524,미디어,서울,203,10,3,1
370,2026-07-09,524,미디어,서울,204,6,4,1
371,2026-07-08,524,미디어,서울,205,8,3,1
372,2026-07-07,524,미디어,서울,206,10,4,1
373,2026-07-06,524,미디어,서울,212,12,3,1
374,2026-07-05,524,미디어,서울,206,5,3,1
375,2026-07-04,524,미디어,서울,202,11,5,1
376,2026-07-03,524,미디어,서울,201,9,4,1
377,2026-07-02,524,미디어,서울,207,7,6,1
378,2026-07-01,524,미디어,서울,203,11,6,1
379,2026-07-14,508,금융,서울,130,8,4,0
380,2026-07-13,508,금융,서울,132,6,2,1
381,2026-07-12,508,금융,서울,130,4,2,1
382,2026-07-11,508,금융,서울,126,4,4,1
383,2026-07-10,508,금융,서울,126,7,4,1
384,2026-07-09,508,금융,서울,121,6,3,1
385,2026-07-08,508,금융,서울,120,3,5,1
386,2026-07-07,508,금융,서울,117,4,2,1
387,2026-07-06,508,금융,서울,115,4,2,1
388,2026-07-05,508,금융,서울,120,7,3,1
389,2026-07-04,508,금융,서울,120,3,3,1
390,2026-07-03,508,금융,서울,125,6,2,1
391,2026-07-02,508,금융,서울,126,4,3,1
392,2026-07-01,508,금융,서울,124,6,3,1
393,2026-07-14,524,미디어,경기,14,0,0,0
394,2026-07-13,524,미디어,경기,14,1,0,1
395,2026-07-12,524,미디어,경기,15,1,0,1
396,2026-07-11,524,미디어,경기,15,0,0,1
397,2026-07-10,524,미디어,경기,15,1,0,1
398,2026-07-09,524,미디어,경기,15,1,0,1
399,2026-07-08,524,미디어,경기,16,1,0,1
400,2026-07-07,524,미디어,경기,16,1,0,1
401,2026-07-06,524,미디어,경기,17,1,0,1
402,2026-07-05,524,미디어,경기,17,1,0,1
403,2026-07-04,524,미디어,경기,18,1,0,1
404,2026-07-03,524,미디어,경기,17,1,0,1
405,2026-07-02,524,미디어,경기,17,0,0,1
406,2026-07-01,524,미디어,경기,16,1,0,1
407,2026-07-14,507,경영·비즈니스,경기,150,6,5,0
408,2026-07-13,507,경영·비즈니스,경기,151,4,2,1
409,2026-07-12,507,경영·비즈니스,경기,153,8,4,1
410,2026-07-11,507,경영·비즈니스,경기,149,8,2,1
411,2026-07-10,507,경영·비즈니스,경기,145,4,4,1
412,2026-07-09,507,경영·비즈니스,경기,145,5,3,1
413,2026-07-08,507,경영·비즈니스,경기,147,5,2,1
414,2026-07-07,507,경영·비즈니스,경기,147,4,4,1
415,2026-07-06,507,경영·비즈니스,경기,142,5,5,1
416,2026-07-05,507,경영·비즈니스,경기,139,7,2,1
417,2026-07-04,507,경영·비즈니스,경기,143,4,4,1
418,2026-07-03,507,경영·비즈니스,경기,140,6,2,1
419,2026-07-02,507,경영·비즈니스,경기,137,5,4,1
420,2026-07-01,507,경영·비즈니스,경기,134,5,5,1
421,2026-07-14,521,법률·법집행기관,경기,11,0,0,0
422,2026-07-13,521,법률·법집행기관,경기,11,1,0,1
423,2026-07-12,521,법률·법집행기관,경기,11,0,0,1
424,2026-07-11,521,법률·법집행기관,경기,11,0,0,1
425,2026-07-10,521,법률·법집행기관,경기,11,0,0,1
426,2026-07-09,521,법률·법집행기관,경기,12,1,0,1
427,2026-07-08,521,법률·법집행기관,경기,11,1,0,1
428,2026-07-07,521,법률·법집행기관,경기,11,0,0,1
429,2026-07-06,521,법률·법집행기관,경기,11,1,0,1
430,2026-07-05,521,법률·법집행기관,경기,11,1,0,1
431,2026-07-04,521,법률·법집행기관,경기,11,0,0,1
432,2026-07-03,521,법률·법집행기관,경기,11,1,0,1
433,2026-07-02,521,법률·법집행기관,경기,11,0,0,1
434,2026-07-01,521,법률·법집행기관,경기,11,0,0,1
435,2026-07-14,10566,정보보호,서울,155,6,2,0
436,2026-07-13,10566,정보보호,서울,157,5,3,1
437,2026-07-12,10566,정보보호,서울,159,7,5,1
438,2026-07-11,10566,정보보호,서울,157,4,2,1
439,2026-07-10,10566,정보보호,서울,155,5,5,1
440,2026-07-09,10566,정보보호,서울,153,9,6,1
441,2026-07-08,10566,정보보호,서울,155,7,2,1
442,2026-07-07,10566,정보보호,서울,157,9,5,1
443,2026-07-06,10566,정보보호,서울,158,7,6,1
444,2026-07-05,10566,정보보호,서울,160,6,5,1
445,2026-07-04,10566,정보보호,서울,157,7,5,1
446,2026-07-03,10566,정보보호,서울,154,7,4,1
447,2026-07-02,10566,정보보호,서울,152,6,3,1
448,2026-07-01,10566,정보보호,서울,153,4,3,1
449,2026-07-14,522,제조·생산,서울,85,5,2,0
450,2026-07-13,522,제조·생산,서울,87,2,1,1
451,2026-07-12,522,제조·생산,서울,85,2,3,1
452,2026-07-11,522,제조·생산,서울,82,5,1,1
453,2026-07-10,522,제조·생산,서울,83,4,1,1
454,2026-07-09,522,제조·생산,서울,84,2,3,1
455,2026-07-08,522,제조·생산,서울,82,4,1,1
456,2026-07-07,522,제조·생산,서울,83,3,3,1
457,2026-07-06,522,제조·생산,서울,85,3,2,1
458,2026-07-05,522,제조·생산,서울,83,3,2,1
459,2026-07-04,522,제조·생산,서울,84,4,2,1
460,2026-07-03,522,제조·생산,서울,82,3,3,1
461,2026-07-02,522,제조·생산,서울,79,3,1,1
462,2026-07-01,522,제조·생산,서울,80,3,3,1
463,2026-07-14,507,경영·비즈니스,인천,9,0,0,0
464,2026-07-13,507,경영·비즈니스,인천,9,0,0,1
465,2026-07-12,507,경영·비즈니스,인천,9,0,0,1
466,2026-07-11,507,경영·비즈니스,인천,9,0,0,1
467,2026-07-10,507,경영·비즈니스,인천,9,0,0,1
468,2026-07-09,507,경영·비즈니스,인천,9,0,0,1
469,2026-07-08,507,경영·비즈니스,인천,9,0,0,1
470,2026-07-07,507,경영·비즈니스,인천,9,0,0,1
471,2026-07-06,507,경영·비즈니스,인천,10,1,0,1
472,2026-07-05,507,경영·비즈니스,인천,10,1,0,1
473,2026-07-04,507,경영·비즈니스,인천,10,1,0,1
474,2026-07-03,507,경영·비즈니스,인천,10,1,0,1
475,2026-07-02,507,경영·비즈니스,인천,10,0,0,1
476,2026-07-01,507,경영·비즈니스,인천,11,0,0,1
477,2026-07-14,510,고객서비스·리테일,부산,26,1,1,0
478,2026-07-13,510,고객서비스·리테일,부산,26,1,0,1
479,2026-07-12,510,고객서비스·리테일,부산,26,1,0,1
480,2026-07-11,510,고객서비스·리테일,부산,26,1,1,1
481,2026-07-10,510,고객서비스·리테일,부산,27,2,1,1
482,2026-07-09,510,고객서비스·리테일,부산,28,1,0,1
483,2026-07-08,510,고객서비스·리테일,부산,29,1,1,1
484,2026-07-07,510,고객서비스·리테일,부산,30,1,1,1
485,2026-07-06,510,고객서비스·리테일,부산,31,2,0,1
486,2026-07-05,510,고객서비스·리테일,부산,30,1,1,1
487,2026-07-04,510,고객서비스·리테일,부산,30,1,1,1
488,2026-07-03,510,고객서비스·리테일,부산,30,2,1,1
489,2026-07-02,510,고객서비스·리테일,부산,31,2,1,1
490,2026-07-01,510,고객서비스·리테일,부산,31,1,1,1
491,2026-07-14,511,디자인,경기,52,3,1,0
492,2026-07-13,511,디자인,경기,54,2,2,1
493,2026-07-12,511,디자인,경기,55,3,1,1
494,2026-07-11,511,디자인,경기,55,2,2,1
495,2026-07-10,511,디자인,경기,57,3,1,1
496,2026-07-09,511,디자인,경기,57,1,1,1
497,2026-07-08,511,디자인,경기,60,3,2,1
498,2026-07-07,511,디자인,경기,57,2,1,1
499,2026-07-06,511,디자인,경기,56,2,1,1
500,2026-07-05,511,디자인,경기,55,3,1,1
501,2026-07-04,511,디자인,경기,57,2,2,1
502,2026-07-03,511,디자인,경기,56,3,1,1
503,2026-07-02,511,디자인,경기,54,2,1,1
504,2026-07-01,511,디자인,경기,52,2,2,1
505,2026-07-14,517,HR,경기,27,1,0,0
506,2026-07-13,517,HR,경기,27,1,1,1
507,2026-07-12,517,HR,경기,27,1,1,1
508,2026-07-11,517,HR,경기,28,1,1,1
509,2026-07-10,517,HR,경기,27,1,0,1
510,2026-07-09,517,HR,경기,26,1,1,1
511,2026-07-08,517,HR,경기,27,2,1,1
512,2026-07-07,517,HR,경기,28,1,1,1
513,2026-07-06,517,HR,경기,27,1,1,1
514,2026-07-05,517,HR,경기,28,1,1,1
515,2026-07-04,517,HR,경기,29,1,1,1
516,2026-07-03,517,HR,경기,29,1,1,1
517,2026-07-02,517,HR,경기,29,1,1,1
518,2026-07-01,517,HR,경기,29,1,1,1
519,2026-07-14,10101,교육,대전,1,0,0,0
520,2026-07-13,10101,교육,대전,1,0,0,1
521,2026-07-12,10101,교육,대전,1,0,0,1
522,2026-07-11,10101,교육,대전,1,0,0,1
523,2026-07-10,10101,교육,대전,1,0,0,1
524,2026-07-09,10101,교육,대전,1,0,0,1
525,2026-07-08,10101,교육,대전,1,0,0,1
526,2026-07-07,10101,교육,대전,1,0,0,1
527,2026-07-06,10101,교육,대전,1,0,0,1
528,2026-07-05,10101,교육,대전,1,0,0,1
529,2026-07-04,10101,교육,대전,1,0,0,1
530,2026-07-03,10101,교육,대전,1,0,0,1
531,2026-07-02,10101,교육,대전,1,0,0,1
532,2026-07-01,10101,교육,대전,1,0,0,1
533,2026-07-14,518,개발,울산,4,0,0,0
534,2026-07-13,518,개발,울산,4,0,0,1
535,2026-07-12,518,개발,울산,4,0,0,1
536,2026-07-11,518,개발,울산,4,0,0,1
537,2026-07-10,518,개발,울산,4,0,0,1
538,2026-07-09,518,개발,울산,4,0,0,1
539,2026-07-08,518,개발,울산,4,0,0,1
540,2026-07-07,518,개발,울산,4,0,0,1
541,2026-07-06,518,개발,울산,4,0,0,1
542,2026-07-05,518,개발,울산,4,0,0,1
543,2026-07-04,518,개발,울산,4,0,0,1
544,2026-07-03,518,개발,울산,4,0,0,1
545,2026-07-02,518,개발,울산,4,0,0,1
546,2026-07-01,518,개발,울산,4,0,0,1
547,2026-07-14,523,마케팅·광고,인천,7,0,0,0
548,2026-07-13,523,마케팅·광고,인천,7,0,0,1
549,2026-07-12,523,마케팅·광고,인천,7,0,0,1
550,2026-07-11,523,마케팅·광고,인천,7,0,0,1
551,2026-07-10,523,마케팅·광고,인천,7,0,0,1
552,2026-07-09,523,마케팅·광고,인천,7,0,0,1
553,2026-07-08,523,마케팅·광고,인천,7,0,0,1
554,2026-07-07,523,마케팅·광고,인천,6,0,0,1
555,2026-07-06,523,마케팅·광고,인천,6,0,0,1
556,2026-07-05,523,마케팅·광고,인천,7,0,0,1
557,2026-07-04,523,마케팅·광고,인천,7,0,0,1
558,2026-07-03,523,마케팅·광고,인천,7,0,0,1
559,2026-07-02,523,마케팅·광고,인천,6,0,0,1
560,2026-07-01,523,마케팅·광고,인천,6,0,0,1
561,2026-07-14,513,엔지니어링·설계,대전,16,0,0,0
562,2026-07-13,513,엔지니어링·설계,대전,17,1,0,1
563,2026-07-12,513,엔지니어링·설계,대전,16,0,1,1
564,2026-07-11,513,엔지니어링·설계,대전,17,1,0,1
565,2026-07-10,513,엔지니어링·설계,대전,17,1,0,1
566,2026-07-09,513,엔지니어링·설계,대전,17,1,0,1
567,2026-07-08,513,엔지니어링·설계,대전,18,1,0,1
568,2026-07-07,513,엔지니어링·설계,대전,17,0,0,1
569,2026-07-06,513,엔지니어링·설계,대전,18,1,1,1
570,2026-07-05,513,엔지니어링·설계,대전,18,1,0,1
571,2026-07-04,513,엔지니어링·설계,대전,17,1,1,1
572,2026-07-03,513,엔지니어링·설계,대전,17,1,0,1
573,2026-07-02,513,엔지니어링·설계,대전,17,1,0,1
574,2026-07-01,513,엔지니어링·설계,대전,17,0,0,1
575,2026-07-14,508,금융,경기,17,1,0,0
576,2026-07-13,508,금융,경기,16,1,0,1
577,2026-07-12,508,금융,경기,16,1,1,1
578,2026-07-11,508,금융,경기,16,1,1,1
579,2026-07-10,508,금융,경기,16,1,0,1
580,2026-07-09,508,금융,경기,17,0,0,1
581,2026-07-08,508,금융,경기,17,1,0,1
582,2026-07-07,508,금융,경기,17,1,0,1
583,2026-07-06,508,금융,경기,17,1,1,1
584,2026-07-05,508,금융,경기,18,1,1,1
585,2026-07-04,508,금융,경기,18,1,0,1
586,2026-07-03,508,금융,경기,17,1,1,1
587,2026-07-02,508,금융,경기,17,1,1,1
588,2026-07-01,508,금융,경기,16,1,0,1
589,2026-07-14,530,영업,인천,3,0,0,0
590,2026-07-13,530,영업,인천,3,0,0,1
591,2026-07-12,530,영업,인천,3,0,0,1
592,2026-07-11,530,영업,인천,3,0,0,1
593,2026-07-10,530,영업,인천,3,0,0,1
594,2026-07-09,530,영업,인천,3,0,0,1
595,2026-07-08,530,영업,인천,3,0,0,1
596,2026-07-07,530,영업,인천,3,0,0,1
597,2026-07-06,530,영업,인천,3,0,0,1
598,2026-07-05,530,영업,인천,3,0,0,1
599,2026-07-04,530,영업,인천,3,0,0,1
600,2026-07-03,530,영업,인천,3,0,0,1
601,2026-07-02,530,영업,인천,3,0,0,1
602,2026-07-01,530,영업,인천,3,0,0,1
603,2026-07-14,523,마케팅·광고,부산,6,0,0,0
604,2026-07-13,523,마케팅·광고,부산,6,0,0,1
605,2026-07-12,523,마케팅·광고,부산,6,0,0,1
606,2026-07-11,523,마케팅·광고,부산,6,0,0,1
607,2026-07-10,523,마케팅·광고,부산,6,0,0,1
608,2026-07-09,523,마케팅·광고,부산,6,0,0,1
609,2026-07-08,523,마케팅·광고,부산,6,0,0,1
610,2026-07-07,523,마케팅·광고,부산,6,0,0,1
611,2026-07-06,523,마케팅·광고,부산,6,0,0,1
612,2026-07-05,523,마케팅·광고,부산,6,0,0,1
613,2026-07-04,523,마케팅·광고,부산,6,0,0,1
614,2026-07-03,523,마케팅·광고,부산,6,0,0,1
615,2026-07-02,523,마케팅·광고,부산,6,0,0,1
616,2026-07-01,523,마케팅·광고,부산,6,0,0,1
617,2026-07-14,518,개발,세종,7,0,0,0
618,2026-07-13,518,개발,세종,7,0,0,1
619,2026-07-12,518,개발,세종,7,0,0,1
620,2026-07-11,518,개발,세종,6,0,0,1
621,2026-07-10,518,개발,세종,6,0,0,1
622,2026-07-09,518,개발,세종,6,0,0,1
623,2026-07-08,518,개발,세종,6,0,0,1
624,2026-07-07,518,개발,세종,6,0,0,1
625,2026-07-06,518,개발,세종,6,0,0,1
626,2026-07-05,518,개발,세종,6,0,0,1
627,2026-07-04,518,개발,세종,6,0,0,1
628,2026-07-03,518,개발,세종,6,0,0,1
629,2026-07-02,518,개발,세종,6,0,0,1
630,2026-07-01,518,개발,세종,6,0,0,1
631,2026-07-14,10057,식·음료,서울,15,1,0,0
632,2026-07-13,10057,식·음료,서울,15,0,0,1
633,2026-07-12,10057,식·음료,서울,15,0,0,1
634,2026-07-11,10057,식·음료,서울,15,1,0,1
635,2026-07-10,10057,식·음료,서울,15,0,1,1
636,2026-07-09,10057,식·음료,서울,14,1,0,1
637,2026-07-08,10057,식·음료,서울,15,1,0,1
638,2026-07-07,10057,식·음료,서울,15,0,0,1
639,2026-07-06,10057,식·음료,서울,16,0,1,1
640,2026-07-05,10057,식·음료,서울,15,0,0,1
641,2026-07-04,10057,식·음료,서울,16,1,0,1
642,2026-07-03,10057,식·음료,서울,16,0,0,1
643,2026-07-02,10057,식·음료,서울,16,1,1,1
644,2026-07-01,10057,식·음료,서울,16,1,0,1
645,2026-07-14,507,경영·비즈니스,충남,1,0,0,0
646,2026-07-13,507,경영·비즈니스,충남,1,0,0,1
647,2026-07-12,507,경영·비즈니스,충남,1,0,0,1
648,2026-07-11,507,경영·비즈니스,충남,1,0,0,1
649,2026-07-10,507,경영·비즈니스,충남,1,0,0,1
650,2026-07-09,507,경영·비즈니스,충남,1,0,0,1
651,2026-07-08,507,경영·비즈니스,충남,1,0,0,1
652,2026-07-07,507,경영·비즈니스,충남,1,0,0,1
653,2026-07-06,507,경영·비즈니스,충남,1,0,0,1
654,2026-07-05,507,경영·비즈니스,충남,1,0,0,1
655,2026-07-04,507,경영·비즈니스,충남,1,0,0,1
656,2026-07-03,507,경영·비즈니스,충남,1,0,0,1
657,2026-07-02,507,경영·비즈니스,충남,1,0,0,1
658,2026-07-01,507,경영·비즈니스,충남,1,0,0,1
659,2026-07-14,518,개발,대구,5,0,0,0
660,2026-07-13,518,개발,대구,5,0,0,1
661,2026-07-12,518,개발,대구,5,0,0,1
662,2026-07-11,518,개발,대구,5,0,0,1
663,2026-07-10,518,개발,대구,5,0,0,1
664,2026-07-09,518,개발,대구,5,0,0,1
665,2026-07-08,518,개발,대구,5,0,0,1
666,2026-07-07,518,개발,대구,5,0,0,1
667,2026-07-06,518,개발,대구,5,0,0,1
668,2026-07-05,518,개발,대구,5,0,0,1
669,2026-07-04,518,개발,대구,5,0,0,1
670,2026-07-03,518,개발,대구,5,0,0,1
671,2026-07-02,518,개발,대구,5,0,0,1
672,2026-07-01,518,개발,대구,5,0,0,1
673,2026-07-14,513,엔지니어링·설계,부산,6,0,0,0
674,2026-07-13,513,엔지니어링·설계,부산,6,0,0,1
675,2026-07-12,513,엔지니어링·설계,부산,6,0,0,1
676,2026-07-11,513,엔지니어링·설계,부산,6,0,0,1
677,2026-07-10,513,엔지니어링·설계,부산,6,0,0,1
678,2026-07-09,513,엔지니어링·설계,부산,6,0,0,1
679,2026-07-08,513,엔지니어링·설계,부산,6,0,0,1
680,2026-07-07,513,엔지니어링·설계,부산,6,0,0,1
681,2026-07-06,513,엔지니어링·설계,부산,6,0,0,1
682,2026-07-05,513,엔지니어링·설계,부산,6,0,0,1
683,2026-07-04,513,엔지니어링·설계,부산,6,0,0,1
684,2026-07-03,513,엔지니어링·설계,부산,6,0,0,1
685,2026-07-02,513,엔지니어링·설계,부산,6,0,0,1
686,2026-07-01,513,엔지니어링·설계,부산,6,0,0,1
687,2026-07-14,518,개발,경북,10,0,0,0
688,2026-07-13,518,개발,경북,10,1,0,1
689,2026-07-12,518,개발,경북,9,0,0,1
690,2026-07-11,518,개발,경북,10,0,0,1
691,2026-07-10,518,개발,경북,10,1,0,1
692,2026-07-09,518,개발,경북,10,1,0,1
693,2026-07-08,518,개발,경북,10,1,0,1
694,2026-07-07,518,개발,경북,10,0,0,1
695,2026-07-06,518,개발,경북,10,1,0,1
696,2026-07-05,518,개발,경북,10,0,0,1
697,2026-07-04,518,개발,경북,10,0,0,1
698,2026-07-03,518,개발,경북,10,0,0,1
699,2026-07-02,518,개발,경북,10,0,0,1
700,2026-07-01,518,개발,경북,9,0,0,1
701,2026-07-14,513,엔지니어링·설계,제주,1,0,0,0
702,2026-07-13,513,엔지니어링·설계,제주,1,0,0,1
703,2026-07-12,513,엔지니어링·설계,제주,1,0,0,1
704,2026-07-11,513,엔지니어링·설계,제주,1,0,0,1
705,2026-07-10,513,엔지니어링·설계,제주,1,0,0,1
706,2026-07-09,513,엔지니어링·설계,제주,1,0,0,1
707,2026-07-08,513,엔지니어링·설계,제주,1,0,0,1
708,2026-07-07,513,엔지니어링·설계,제주,1,0,0,1
709,2026-07-06,513,엔지니어링·설계,제주,1,0,0,1
710,2026-07-05,513,엔지니어링·설계,제주,1,0,0,1
711,2026-07-04,513,엔지니어링·설계,제주,1,0,0,1
712,2026-07-03,513,엔지니어링·설계,제주,1,0,0,1
713,2026-07-02,513,엔지니어링·설계,제주,1,0,0,1
714,2026-07-01,513,엔지니어링·설계,제주,1,0,0,1
715,2026-07-14,507,경영·비즈니스,대전,5,0,0,0
716,2026-07-13,507,경영·비즈니스,대전,5,0,0,1
717,2026-07-12,507,경영·비즈니스,대전,5,0,0,1
718,2026-07-11,507,경영·비즈니스,대전,5,0,0,1
719,2026-07-10,507,경영·비즈니스,대전,5,0,0,1
720,2026-07-09,507,경영·비즈니스,대전,5,0,0,1
721,2026-07-08,507,경영·비즈니스,대전,5,0,0,1
722,2026-07-07,507,경영·비즈니스,대전,5,0,0,1
723,2026-07-06,507,경영·비즈니스,대전,5,0,0,1
724,2026-07-05,507,경영·비즈니스,대전,5,0,0,1
725,2026-07-04,507,경영·비즈니스,대전,5,0,0,1
726,2026-07-03,507,경영·비즈니스,대전,5,0,0,1
727,2026-07-02,507,경영·비즈니스,대전,5,0,0,1
728,2026-07-01,507,경영·비즈니스,대전,5,0,0,1
729,2026-07-14,509,건설·시설,서울,20,0,0,0
730,2026-07-13,509,건설·시설,서울,21,1,1,1
731,2026-07-12,509,건설·시설,서울,21,1,0,1
732,2026-07-11,509,건설·시설,서울,21,1,1,1
733,2026-07-10,509,건설·시설,서울,22,1,1,1
734,2026-07-09,509,건설·시설,서울,21,1,1,1
735,2026-07-08,509,건설·시설,서울,22,1,1,1
736,2026-07-07,509,건설·시설,서울,23,0,0,1
737,2026-07-06,509,건설·시설,서울,23,1,1,1
738,2026-07-05,509,건설·시설,서울,23,1,0,1
739,2026-07-04,509,건설·시설,서울,23,0,0,1
740,2026-07-03,509,건설·시설,서울,22,1,1,1
741,2026-07-02,509,건설·시설,서울,23,1,1,1
742,2026-07-01,509,건설·시설,서울,22,1,0,1
743,2026-07-14,532,물류·무역,인천,6,0,0,0
744,2026-07-13,532,물류·무역,인천,6,0,0,1
745,2026-07-12,532,물류·무역,인천,6,0,0,1
746,2026-07-11,532,물류·무역,인천,6,0,0,1
747,2026-07-10,532,물류·무역,인천,6,0,0,1
748,2026-07-09,532,물류·무역,인천,6,0,0,1
749,2026-07-08,532,물류·무역,인천,6,0,0,1
750,2026-07-07,532,물류·무역,인천,6,0,0,1
751,2026-07-06,532,물류·무역,인천,6,0,0,1
752,2026-07-05,532,물류·무역,인천,6,0,0,1
753,2026-07-04,532,물류·무역,인천,6,0,0,1
754,2026-07-03,532,물류·무역,인천,6,0,0,1
755,2026-07-02,532,물류·무역,인천,6,0,0,1
756,2026-07-01,532,물류·무역,인천,6,0,0,1
757,2026-07-14,518,개발,부산,11,0,0,0
758,2026-07-13,518,개발,부산,11,0,0,1
759,2026-07-12,518,개발,부산,11,0,0,1
760,2026-07-11,518,개발,부산,11,0,0,1
761,2026-07-10,518,개발,부산,11,0,0,1
762,2026-07-09,518,개발,부산,11,0,0,1
763,2026-07-08,518,개발,부산,12,0,0,1
764,2026-07-07,518,개발,부산,12,0,0,1
765,2026-07-06,518,개발,부산,12,0,0,1
766,2026-07-05,518,개발,부산,11,1,0,1
767,2026-07-04,518,개발,부산,12,0,0,1
768,2026-07-03,518,개발,부산,12,0,0,1
769,2026-07-02,518,개발,부산,12,0,0,1
770,2026-07-01,518,개발,부산,12,0,0,1
771,2026-07-14,513,엔지니어링·설계,경기,52,2,1,0
772,2026-07-13,513,엔지니어링·설계,경기,53,1,1,1
773,2026-07-12,513,엔지니어링·설계,경기,51,2,1,1
774,2026-07-11,513,엔지니어링·설계,경기,50,2,1,1
775,2026-07-10,513,엔지니어링·설계,경기,49,3,2,1
776,2026-07-09,513,엔지니어링·설계,경기,50,2,2,1
777,2026-07-08,513,엔지니어링·설계,경기,52,2,2,1
778,2026-07-07,513,엔지니어링·설계,경기,50,2,2,1
779,2026-07-06,513,엔지니어링·설계,경기,50,2,1,1
780,2026-07-05,513,엔지니어링·설계,경기,50,3,1,1
781,2026-07-04,513,엔지니어링·설계,경기,52,2,1,1
782,2026-07-03,513,엔지니어링·설계,경기,52,2,1,1
783,2026-07-02,513,엔지니어링·설계,경기,50,2,2,1
784,2026-07-01,513,엔지니어링·설계,경기,50,2,2,1
785,2026-07-14,517,HR,울산,1,0,0,0
786,2026-07-13,517,HR,울산,1,0,0,1
787,2026-07-12,517,HR,울산,1,0,0,1
788,2026-07-11,517,HR,울산,1,0,0,1
789,2026-07-10,517,HR,울산,1,0,0,1
790,2026-07-09,517,HR,울산,1,0,0,1
791,2026-07-08,517,HR,울산,1,0,0,1
792,2026-07-07,517,HR,울산,1,0,0,1
793,2026-07-06,517,HR,울산,1,0,0,1
794,2026-07-05,517,HR,울산,1,0,0,1
795,2026-07-04,517,HR,울산,1,0,0,1
796,2026-07-03,517,HR,울산,1,0,0,1
797,2026-07-02,517,HR,울산,1,0,0,1
798,2026-07-01,517,HR,울산,1,0,0,1
799,2026-07-14,507,경영·비즈니스,울산,2,0,0,0
800,2026-07-13,507,경영·비즈니스,울산,2,0,0,1
801,2026-07-12,507,경영·비즈니스,울산,2,0,0,1
802,2026-07-11,507,경영·비즈니스,울산,2,0,0,1
803,2026-07-10,507,경영·비즈니스,울산,2,0,0,1
804,2026-07-09,507,경영·비즈니스,울산,2,0,0,1
805,2026-07-08,507,경영·비즈니스,울산,2,0,0,1
806,2026-07-07,507,경영·비즈니스,울산,2,0,0,1
807,2026-07-06,507,경영·비즈니스,울산,2,0,0,1
808,2026-07-05,507,경영·비즈니스,울산,2,0,0,1
809,2026-07-04,507,경영·비즈니스,울산,2,0,0,1
810,2026-07-03,507,경영·비즈니스,울산,2,0,0,1
811,2026-07-02,507,경영·비즈니스,울산,2,0,0,1
812,2026-07-01,507,경영·비즈니스,울산,2,0,0,1
813,2026-07-14,532,물류·무역,충북,2,0,0,0
814,2026-07-13,532,물류·무역,충북,2,0,0,1
815,2026-07-12,532,물류·무역,충북,2,0,0,1
816,2026-07-11,532,물류·무역,충북,2,0,0,1
817,2026-07-10,532,물류·무역,충북,2,0,0,1
818,2026-07-09,532,물류·무역,충북,2,0,0,1
819,2026-07-08,532,물류·무역,충북,2,0,0,1
820,2026-07-07,532,물류·무역,충북,2,0,0,1
821,2026-07-06,532,물류·무역,충북,2,0,0,1
822,2026-07-05,532,물류·무역,충북,2,0,0,1
823,2026-07-04,532,물류·무역,충북,2,0,0,1
824,2026-07-03,532,물류·무역,충북,2,0,0,1
825,2026-07-02,532,물류·무역,충북,2,0,0,1
826,2026-07-01,532,물류·무역,충북,2,0,0,1
827,2026-07-14,507,경영·비즈니스,부산,11,0,0,0
828,2026-07-13,507,경영·비즈니스,부산,11,0,0,1
829,2026-07-12,507,경영·비즈니스,부산,12,0,0,1
830,2026-07-11,507,경영·비즈니스,부산,12,1,0,1
831,2026-07-10,507,경영·비즈니스,부산,12,0,0,1
832,2026-07-09,507,경영·비즈니스,부산,12,1,0,1
833,2026-07-08,507,경영·비즈니스,부산,13,0,0,1
834,2026-07-07,507,경영·비즈니스,부산,13,0,0,1
835,2026-07-06,507,경영·비즈니스,부산,13,0,0,1
836,2026-07-05,507,경영·비즈니스,부산,13,1,0,1
837,2026-07-04,507,경영·비즈니스,부산,13,1,0,1
838,2026-07-03,507,경영·비즈니스,부산,13,1,0,1
839,2026-07-02,507,경영·비즈니스,부산,13,1,1,1
840,2026-07-01,507,경영·비즈니스,부산,14,1,0,1
841,2026-07-14,522,제조·생산,인천,3,0,0,0
842,2026-07-13,522,제조·생산,인천,3,0,0,1
843,2026-07-12,522,제조·생산,인천,3,0,0,1
844,2026-07-11,522,제조·생산,인천,3,0,0,1
845,2026-07-10,522,제조·생산,인천,3,0,0,1
846,2026-07-09,522,제조·생산,인천,3,0,0,1
847,2026-07-08,522,제조·생산,인천,3,0,0,1
848,2026-07-07,522,제조·생산,인천,3,0,0,1
849,2026-07-06,522,제조·생산,인천,3,0,0,1
850,2026-07-05,522,제조·생산,인천,3,0,0,1
851,2026-07-04,522,제조·생산,인천,3,0,0,1
852,2026-07-03,522,제조·생산,인천,3,0,0,1
853,2026-07-02,522,제조·생산,인천,3,0,0,1
854,2026-07-01,522,제조·생산,인천,3,0,0,1
855,2026-07-14,522,제조·생산,대구,1,0,0,0
856,2026-07-13,522,제조·생산,대구,1,0,0,1
857,2026-07-12,522,제조·생산,대구,1,0,0,1
858,2026-07-11,522,제조·생산,대구,1,0,0,1
859,2026-07-10,522,제조·생산,대구,1,0,0,1
860,2026-07-09,522,제조·생산,대구,1,0,0,1
861,2026-07-08,522,제조·생산,대구,1,0,0,1
862,2026-07-07,522,제조·생산,대구,1,0,0,1
863,2026-07-06,522,제조·생산,대구,1,0,0,1
864,2026-07-05,522,제조·생산,대구,1,0,0,1
865,2026-07-04,522,제조·생산,대구,1,0,0,1
866,2026-07-03,522,제조·생산,대구,1,0,0,1
867,2026-07-02,522,제조·생산,대구,1,0,0,1
868,2026-07-01,522,제조·생산,대구,1,0,0,1
869,2026-07-14,518,개발,인천,28,1,0,0
870,2026-07-13,518,개발,인천,27,1,1,1
871,2026-07-12,518,개발,인천,28,1,0,1
872,2026-07-11,518,개발,인천,27,1,1,1
873,2026-07-10,518,개발,인천,27,1,1,1
874,2026-07-09,518,개발,인천,28,1,1,1
875,2026-07-08,518,개발,인천,28,1,1,1
876,2026-07-07,518,개발,인천,27,1,1,1
877,2026-07-06,518,개발,인천,28,1,1,1
878,2026-07-05,518,개발,인천,29,1,1,1
879,2026-07-04,518,개발,인천,28,1,0,1
880,2026-07-03,518,개발,인천,29,1,1,1
881,2026-07-02,518,개발,인천,30,1,1,1
882,2026-07-01,518,개발,인천,31,2,1,1
883,2026-07-14,510,고객서비스·리테일,대구,7,0,0,0
884,2026-07-13,510,고객서비스·리테일,대구,7,0,0,1
885,2026-07-12,510,고객서비스·리테일,대구,7,0,0,1
886,2026-07-11,510,고객서비스·리테일,대구,7,0,0,1
887,2026-07-10,510,고객서비스·리테일,대구,7,0,0,1
888,2026-07-09,510,고객서비스·리테일,대구,7,0,0,1
889,2026-07-08,510,고객서비스·리테일,대구,7,0,0,1
890,2026-07-07,510,고객서비스·리테일,대구,7,0,0,1
891,2026-07-06,510,고객서비스·리테일,대구,7,0,0,1
892,2026-07-05,510,고객서비스·리테일,대구,7,0,0,1
893,2026-07-04,510,고객서비스·리테일,대구,7,0,0,1
894,2026-07-03,510,고객서비스·리테일,대구,7,0,0,1
895,2026-07-02,510,고객서비스·리테일,대구,7,0,0,1
896,2026-07-01,510,고객서비스·리테일,대구,7,0,0,1
897,2026-07-14,513,엔지니어링·설계,인천,8,0,0,0
898,2026-07-13,513,엔지니어링·설계,인천,8,0,0,1
899,2026-07-12,513,엔지니어링·설계,인천,8,0,0,1
900,2026-07-11,513,엔지니어링·설계,인천,8,0,0,1
901,2026-07-10,513,엔지니어링·설계,인천,8,0,0,1
902,2026-07-09,513,엔지니어링·설계,인천,8,0,0,1
903,2026-07-08,513,엔지니어링·설계,인천,8,0,0,1
904,2026-07-07,513,엔지니어링·설계,인천,8,0,0,1
905,2026-07-06,513,엔지니어링·설계,인천,8,0,0,1
906,2026-07-05,513,엔지니어링·설계,인천,8,0,0,1
907,2026-07-04,513,엔지니어링·설계,인천,8,0,0,1
908,2026-07-03,513,엔지니어링·설계,인천,8,0,0,1
909,2026-07-02,513,엔지니어링·설계,인천,8,0,0,1
910,2026-07-01,513,엔지니어링·설계,인천,8,0,0,1
911,2026-07-14,530,영업,대구,6,0,0,0
912,2026-07-13,530,영업,대구,6,0,0,1
913,2026-07-12,530,영업,대구,6,0,0,1
914,2026-07-11,530,영업,대구,6,0,0,1
915,2026-07-10,530,영업,대구,6,0,0,1
916,2026-07-09,530,영업,대구,6,0,0,1
917,2026-07-08,530,영업,대구,7,0,0,1
918,2026-07-07,530,영업,대구,6,0,0,1
919,2026-07-06,530,영업,대구,6,0,0,1
920,2026-07-05,530,영업,대구,6,0,0,1
921,2026-07-04,530,영업,대구,6,0,0,1
922,2026-07-03,530,영업,대구,6,0,0,1
923,2026-07-02,530,영업,대구,6,0,0,1
924,2026-07-01,530,영업,대구,6,0,0,1
925,2026-07-14,530,영업,부산,11,1,0,0
926,2026-07-13,530,영업,부산,11,0,0,1
927,2026-07-12,530,영업,부산,11,1,0,1
928,2026-07-11,530,영업,부산,10,0,0,1
929,2026-07-10,530,영업,부산,10,0,0,1
930,2026-07-09,530,영업,부산,11,0,0,1
931,2026-07-08,530,영업,부산,11,1,0,1
932,2026-07-07,530,영업,부산,10,1,0,1
933,2026-07-06,530,영업,부산,11,0,0,1
934,2026-07-05,530,영업,부산,10,0,0,1
935,2026-07-04,530,영업,부산,11,0,0,1
936,2026-07-03,530,영업,부산,11,0,0,1
937,2026-07-02,530,영업,부산,11,0,0,1
938,2026-07-01,530,영업,부산,11,1,0,1
939,2026-07-14,522,제조·생산,강원,1,0,0,0
940,2026-07-13,522,제조·생산,강원,1,0,0,1
941,2026-07-12,522,제조·생산,강원,1,0,0,1
942,2026-07-11,522,제조·생산,강원,1,0,0,1
943,2026-07-10,522,제조·생산,강원,1,0,0,1
944,2026-07-09,522,제조·생산,강원,1,0,0,1
945,2026-07-08,522,제조·생산,강원,1,0,0,1
946,2026-07-07,522,제조·생산,강원,1,0,0,1
947,2026-07-06,522,제조·생산,강원,1,0,0,1
948,2026-07-05,522,제조·생산,강원,1,0,0,1
949,2026-07-04,522,제조·생산,강원,1,0,0,1
950,2026-07-03,522,제조·생산,강원,1,0,0,1
951,2026-07-02,522,제조·생산,강원,1,0,0,1
952,2026-07-01,522,제조·생산,강원,1,0,0,1
953,2026-07-14,510,고객서비스·리테일,경남,2,0,0,0
954,2026-07-13,510,고객서비스·리테일,경남,2,0,0,1
955,2026-07-12,510,고객서비스·리테일,경남,2,0,0,1
956,2026-07-11,510,고객서비스·리테일,경남,2,0,0,1
957,2026-07-10,510,고객서비스·리테일,경남,2,0,0,1
958,2026-07-09,510,고객서비스·리테일,경남,2,0,0,1
959,2026-07-08,510,고객서비스·리테일,경남,2,0,0,1
960,2026-07-07,510,고객서비스·리테일,경남,2,0,0,1
961,2026-07-06,510,고객서비스·리테일,경남,2,0,0,1
962,2026-07-05,510,고객서비스·리테일,경남,2,0,0,1
963,2026-07-04,510,고객서비스·리테일,경남,2,0,0,1
964,2026-07-03,510,고객서비스·리테일,경남,2,0,0,1
965,2026-07-02,510,고객서비스·리테일,경남,2,0,0,1
966,2026-07-01,510,고객서비스·리테일,경남,2,0,0,1
967,2026-07-14,510,고객서비스·리테일,인천,2,0,0,0
968,2026-07-13,510,고객서비스·리테일,인천,2,0,0,1
969,2026-07-12,510,고객서비스·리테일,인천,2,0,0,1
970,2026-07-11,510,고객서비스·리테일,인천,2,0,0,1
971,2026-07-10,510,고객서비스·리테일,인천,2,0,0,1
972,2026-07-09,510,고객서비스·리테일,인천,2,0,0,1
973,2026-07-08,510,고객서비스·리테일,인천,2,0,0,1
974,2026-07-07,510,고객서비스·리테일,인천,2,0,0,1
975,2026-07-06,510,고객서비스·리테일,인천,2,0,0,1
976,2026-07-05,510,고객서비스·리테일,인천,2,0,0,1
977,2026-07-04,510,고객서비스·리테일,인천,2,0,0,1
978,2026-07-03,510,고객서비스·리테일,인천,2,0,0,1
979,2026-07-02,510,고객서비스·리테일,인천,2,0,0,1
980,2026-07-01,510,고객서비스·리테일,인천,2,0,0,1
981,2026-07-14,10566,정보보호,부산,1,0,0,0
982,2026-07-13,10566,정보보호,부산,1,0,0,1
983,2026-07-12,10566,정보보호,부산,1,0,0,1
984,2026-07-11,10566,정보보호,부산,1,0,0,1
985,2026-07-10,10566,정보보호,부산,1,0,0,1
986,2026-07-09,10566,정보보호,부산,1,0,0,1
987,2026-07-08,10566,정보보호,부산,1,0,0,1
988,2026-07-07,10566,정보보호,부산,1,0,0,1
989,2026-07-06,10566,정보보호,부산,1,0,0,1
990,2026-07-05,10566,정보보호,부산,1,0,0,1
991,2026-07-04,10566,정보보호,부산,1,0,0,1
992,2026-07-03,10566,정보보호,부산,1,0,0,1
993,2026-07-02,10566,정보보호,부산,1,0,0,1
994,2026-07-01,10566,정보보호,부산,1,0,0,1
995,2026-07-14,513,엔지니어링·설계,대구,2,0,0,0
996,2026-07-13,513,엔지니어링·설계,대구,2,0,0,1
997,2026-07-12,513,엔지니어링·설계,대구,2,0,0,1
998,2026-07-11,513,엔지니어링·설계,대구,2,0,0,1
999,2026-07-10,513,엔지니어링·설계,대구,2,0,0,1
1000,2026-07-09,513,엔지니어링·설계,대구,2,0,0,1
1001,2026-07-08,513,엔지니어링·설계,대구,2,0,0,1
1002,2026-07-07,513,엔지니어링·설계,대구,2,0,0,1
1003,2026-07-06,513,엔지니어링·설계,대구,2,0,0,1
1004,2026-07-05,513,엔지니어링·설계,대구,2,0,0,1
1005,2026-07-04,513,엔지니어링·설계,대구,2,0,0,1
1006,2026-07-03,513,엔지니어링·설계,대구,2,0,0,1
1007,2026-07-02,513,엔지니어링·설계,대구,2,0,0,1
1008,2026-07-01,513,엔지니어링·설계,대구,2,0,0,1
1009,2026-07-14,530,영업,광주,2,0,0,0
1010,2026-07-13,530,영업,광주,2,0,0,1
1011,2026-07-12,530,영업,광주,2,0,0,1
1012,2026-07-11,530,영업,광주,2,0,0,1
1013,2026-07-10,530,영업,광주,2,0,0,1
1014,2026-07-09,530,영업,광주,2,0,0,1
1015,2026-07-08,530,영업,광주,2,0,0,1
1016,2026-07-07,530,영업,광주,2,0,0,1
1017,2026-07-06,530,영업,광주,2,0,0,1
1018,2026-07-05,530,영업,광주,2,0,0,1
1019,2026-07-04,530,영업,광주,2,0,0,1
1020,2026-07-03,530,영업,광주,2,0,0,1
1021,2026-07-02,530,영업,광주,2,0,0,1
1022,2026-07-01,530,영업,광주,2,0,0,1
1023,2026-07-14,530,영업,대전,6,0,0,0
1024,2026-07-13,530,영업,대전,6,0,0,1
1025,2026-07-12,530,영업,대전,6,0,0,1
1026,2026-07-11,530,영업,대전,6,0,0,1
1027,2026-07-10,530,영업,대전,6,0,0,1
1028,2026-07-09,530,영업,대전,6,0,0,1
1029,2026-07-08,530,영업,대전,7,0,0,1
1030,2026-07-07,530,영업,대전,7,0,0,1
1031,2026-07-06,530,영업,대전,7,0,0,1
1032,2026-07-05,530,영업,대전,7,0,0,1
1033,2026-07-04,530,영업,대전,7,0,0,1
1034,2026-07-03,530,영업,대전,7,0,0,1
1035,2026-07-02,530,영업,대전,7,0,0,1
1036,2026-07-01,530,영업,대전,7,0,0,1
1037,2026-07-14,518,개발,충북,4,0,0,0
1038,2026-07-13,518,개발,충북,4,0,0,1
1039,2026-07-12,518,개발,충북,4,0,0,1
1040,2026-07-11,518,개발,충북,4,0,0,1
1041,2026-07-10,518,개발,충북,4,0,0,1
1042,2026-07-09,518,개발,충북,4,0,0,1
1043,2026-07-08,518,개발,충북,4,0,0,1
1044,2026-07-07,518,개발,충북,4,0,0,1
1045,2026-07-06,518,개발,충북,5,0,0,1
1046,2026-07-05,518,개발,충북,5,0,0,1
1047,2026-07-04,518,개발,충북,5,0,0,1
1048,2026-07-03,518,개발,충북,5,0,0,1
1049,2026-07-02,518,개발,충북,5,0,0,1
1050,2026-07-01,518,개발,충북,4,0,0,1
1051,2026-07-14,518,개발,강원,1,0,0,0
1052,2026-07-13,518,개발,강원,1,0,0,1
1053,2026-07-12,518,개발,강원,1,0,0,1
1054,2026-07-11,518,개발,강원,1,0,0,1
1055,2026-07-10,518,개발,강원,1,0,0,1
1056,2026-07-09,518,개발,강원,1,0,0,1
1057,2026-07-08,518,개발,강원,1,0,0,1
1058,2026-07-07,518,개발,강원,1,0,0,1
1059,2026-07-06,518,개발,강원,1,0,0,1
1060,2026-07-05,518,개발,강원,1,0,0,1
1061,2026-07-04,518,개발,강원,1,0,0,1
1062,2026-07-03,518,개발,강원,1,0,0,1
1063,2026-07-02,518,개발,강원,1,0,0,1
1064,2026-07-01,518,개발,강원,1,0,0,1
1065,2026-07-14,513,엔지니어링·설계,충남,4,0,0,0
1066,2026-07-13,513,엔지니어링·설계,충남,4,0,0,1
1067,2026-07-12,513,엔지니어링·설계,충남,4,0,0,1
1068,2026-07-11,513,엔지니어링·설계,충남,4,0,0,1
1069,2026-07-10,513,엔지니어링·설계,충남,4,0,0,1
1070,2026-07-09,513,엔지니어링·설계,충남,4,0,0,1
1071,2026-07-08,513,엔지니어링·설계,충남,4,0,0,1
1072,2026-07-07,513,엔지니어링·설계,충남,4,0,0,1
1073,2026-07-06,513,엔지니어링·설계,충남,4,0,0,1
1074,2026-07-05,513,엔지니어링·설계,충남,4,0,0,1
1075,2026-07-04,513,엔지니어링·설계,충남,4,0,0,1
1076,2026-07-03,513,엔지니어링·설계,충남,4,0,0,1
1077,2026-07-02,513,엔지니어링·설계,충남,4,0,0,1
1078,2026-07-01,513,엔지니어링·설계,충남,4,0,0,1
1079,2026-07-14,530,영업,경남,2,0,0,0
1080,2026-07-13,530,영업,경남,2,0,0,1
1081,2026-07-12,530,영업,경남,2,0,0,1
1082,2026-07-11,530,영업,경남,2,0,0,1
1083,2026-07-10,530,영업,경남,2,0,0,1
1084,2026-07-09,530,영업,경남,2,0,0,1
1085,2026-07-08,530,영업,경남,2,0,0,1
1086,2026-07-07,530,영업,경남,2,0,0,1
1087,2026-07-06,530,영업,경남,2,0,0,1
1088,2026-07-05,530,영업,경남,2,0,0,1
1089,2026-07-04,530,영업,경남,2,0,0,1
1090,2026-07-03,530,영업,경남,2,0,0,1
1091,2026-07-02,530,영업,경남,2,0,0,1
1092,2026-07-01,530,영업,경남,2,0,0,1
1093,2026-07-14,513,엔지니어링·설계,울산,1,0,0,0
1094,2026-07-13,513,엔지니어링·설계,울산,1,0,0,1
1095,2026-07-12,513,엔지니어링·설계,울산,1,0,0,1
1096,2026-07-11,513,엔지니어링·설계,울산,1,0,0,1
1097,2026-07-10,513,엔지니어링·설계,울산,1,0,0,1
1098,2026-07-09,513,엔지니어링·설계,울산,1,0,0,1
1099,2026-07-08,513,엔지니어링·설계,울산,1,0,0,1
1100,2026-07-07,513,엔지니어링·설계,울산,1,0,0,1
1101,2026-07-06,513,엔지니어링·설계,울산,1,0,0,1
1102,2026-07-05,513,엔지니어링·설계,울산,1,0,0,1
1103,2026-07-04,513,엔지니어링·설계,울산,1,0,0,1
1104,2026-07-03,513,엔지니어링·설계,울산,1,0,0,1
1105,2026-07-02,513,엔지니어링·설계,울산,1,0,0,1
1106,2026-07-01,513,엔지니어링·설계,울산,1,0,0,1
1107,2026-07-14,522,제조·생산,대전,1,0,0,0
1108,2026-07-13,522,제조·생산,대전,1,0,0,1
1109,2026-07-12,522,제조·생산,대전,1,0,0,1
1110,2026-07-11,522,제조·생산,대전,1,0,0,1
1111,2026-07-10,522,제조·생산,대전,1,0,0,1
1112,2026-07-09,522,제조·생산,대전,1,0,0,1
1113,2026-07-08,522,제조·생산,대전,1,0,0,1
1114,2026-07-07,522,제조·생산,대전,1,0,0,1
1115,2026-07-06,522,제조·생산,대전,1,0,0,1
1116,2026-07-05,522,제조·생산,대전,1,0,0,1
1117,2026-07-04,522,제조·생산,대전,1,0,0,1
1118,2026-07-03,522,제조·생산,대전,1,0,0,1
1119,2026-07-02,522,제조·생산,대전,1,0,0,1
1120,2026-07-01,522,제조·생산,대전,1,0,0,1
1121,2026-07-14,515,의료·제약·바이오,울산,1,0,0,0
1122,2026-07-13,515,의료·제약·바이오,울산,1,0,0,1
1123,2026-07-12,515,의료·제약·바이오,울산,1,0,0,1
1124,2026-07-11,515,의료·제약·바이오,울산,1,0,0,1
1125,2026-07-10,515,의료·제약·바이오,울산,1,0,0,1
1126,2026-07-09,515,의료·제약·바이오,울산,1,0,0,1
1127,2026-07-08,515,의료·제약·바이오,울산,1,0,0,1
1128,2026-07-07,515,의료·제약·바이오,울산,1,0,0,1
1129,2026-07-06,515,의료·제약·바이오,울산,1,0,0,1
1130,2026-07-05,515,의료·제약·바이오,울산,1,0,0,1
1131,2026-07-04,515,의료·제약·바이오,울산,1,0,0,1
1132,2026-07-03,515,의료·제약·바이오,울산,1,0,0,1
1133,2026-07-02,515,의료·제약·바이오,울산,1,0,0,1
1134,2026-07-01,515,의료·제약·바이오,울산,1,0,0,1
1135,2026-07-14,511,디자인,강원,1,0,0,0
1136,2026-07-13,511,디자인,강원,1,0,0,1
1137,2026-07-12,511,디자인,강원,1,0,0,1
1138,2026-07-11,511,디자인,강원,1,0,0,1
1139,2026-07-10,511,디자인,강원,1,0,0,1
1140,2026-07-09,511,디자인,강원,1,0,0,1
1141,2026-07-08,511,디자인,강원,1,0,0,1
1142,2026-07-07,511,디자인,강원,1,0,0,1
1143,2026-07-06,511,디자인,강원,1,0,0,1
1144,2026-07-05,511,디자인,강원,1,0,0,1
1145,2026-07-04,511,디자인,강원,1,0,0,1
1146,2026-07-03,511,디자인,강원,1,0,0,1
1147,2026-07-02,511,디자인,강원,1,0,0,1
1148,2026-07-01,511,디자인,강원,1,0,0,1
1149,2026-07-14,507,경영·비즈니스,대구,6,0,0,0
1150,2026-07-13,507,경영·비즈니스,대구,6,0,0,1
1151,2026-07-12,507,경영·비즈니스,대구,6,0,0,1
1152,2026-07-11,507,경영·비즈니스,대구,6,0,0,1
1153,2026-07-10,507,경영·비즈니스,대구,6,0,0,1
1154,2026-07-09,507,경영·비즈니스,대구,6,0,0,1
1155,2026-07-08,507,경영·비즈니스,대구,6,0,0,1
1156,2026-07-07,507,경영·비즈니스,대구,6,0,0,1
1157,2026-07-06,507,경영·비즈니스,대구,7,0,0,1
1158,2026-07-05,507,경영·비즈니스,대구,6,0,0,1
1159,2026-07-04,507,경영·비즈니스,대구,7,0,0,1
1160,2026-07-03,507,경영·비즈니스,대구,7,0,0,1
1161,2026-07-02,507,경영·비즈니스,대구,7,0,0,1
1162,2026-07-01,507,경영·비즈니스,대구,7,0,0,1
1163,2026-07-14,511,디자인,대전,3,0,0,0
1164,2026-07-13,511,디자인,대전,3,0,0,1
1165,2026-07-12,511,디자인,대전,3,0,0,1
1166,2026-07-11,511,디자인,대전,3,0,0,1
1167,2026-07-10,511,디자인,대전,3,0,0,1
1168,2026-07-09,511,디자인,대전,3,0,0,1
1169,2026-07-08,511,디자인,대전,3,0,0,1
1170,2026-07-07,511,디자인,대전,3,0,0,1
1171,2026-07-06,511,디자인,대전,3,0,0,1
1172,2026-07-05,511,디자인,대전,3,0,0,1
1173,2026-07-04,511,디자인,대전,3,0,0,1
1174,2026-07-03,511,디자인,대전,3,0,0,1
1175,2026-07-02,511,디자인,대전,3,0,0,1
1176,2026-07-01,511,디자인,대전,3,0,0,1
1177,2026-07-14,10057,식·음료,경기,2,0,0,0
1178,2026-07-13,10057,식·음료,경기,2,0,0,1
1179,2026-07-12,10057,식·음료,경기,2,0,0,1
1180,2026-07-11,10057,식·음료,경기,2,0,0,1
1181,2026-07-10,10057,식·음료,경기,2,0,0,1
1182,2026-07-09,10057,식·음료,경기,2,0,0,1
1183,2026-07-08,10057,식·음료,경기,2,0,0,1
1184,2026-07-07,10057,식·음료,경기,2,0,0,1
1185,2026-07-06,10057,식·음료,경기,2,0,0,1
1186,2026-07-05,10057,식·음료,경기,2,0,0,1
1187,2026-07-04,10057,식·음료,경기,2,0,0,1
1188,2026-07-03,10057,식·음료,경기,2,0,0,1
1189,2026-07-02,10057,식·음료,경기,2,0,0,1
1190,2026-07-01,10057,식·음료,경기,2,0,0,1
1191,2026-07-14,511,디자인,대구,2,0,0,0
1192,2026-07-13,511,디자인,대구,2,0,0,1
1193,2026-07-12,511,디자인,대구,2,0,0,1
1194,2026-07-11,511,디자인,대구,2,0,0,1
1195,2026-07-10,511,디자인,대구,2,0,0,1
1196,2026-07-09,511,디자인,대구,2,0,0,1
1197,2026-07-08,511,디자인,대구,2,0,0,1
1198,2026-07-07,511,디자인,대구,2,0,0,1
1199,2026-07-06,511,디자인,대구,2,0,0,1
1200,2026-07-05,511,디자인,대구,2,0,0,1
1201,2026-07-04,511,디자인,대구,2,0,0,1
1202,2026-07-03,511,디자인,대구,2,0,0,1
1203,2026-07-02,511,디자인,대구,2,0,0,1
1204,2026-07-01,511,디자인,대구,2,0,0,1
1205,2026-07-14,513,엔지니어링·설계,경남,3,0,0,0
1206,2026-07-13,513,엔지니어링·설계,경남,3,0,0,1
1207,2026-07-12,513,엔지니어링·설계,경남,3,0,0,1
1208,2026-07-11,513,엔지니어링·설계,경남,3,0,0,1
1209,2026-07-10,513,엔지니어링·설계,경남,3,0,0,1
1210,2026-07-09,513,엔지니어링·설계,경남,3,0,0,1
1211,2026-07-08,513,엔지니어링·설계,경남,3,0,0,1
1212,2026-07-07,513,엔지니어링·설계,경남,3,0,0,1
1213,2026-07-06,513,엔지니어링·설계,경남,3,0,0,1
1214,2026-07-05,513,엔지니어링·설계,경남,3,0,0,1
1215,2026-07-04,513,엔지니어링·설계,경남,3,0,0,1
1216,2026-07-03,513,엔지니어링·설계,경남,3,0,0,1
1217,2026-07-02,513,엔지니어링·설계,경남,3,0,0,1
1218,2026-07-01,513,엔지니어링·설계,경남,3,0,0,1
1219,2026-07-14,10101,교육,경기,3,0,0,0
1220,2026-07-13,10101,교육,경기,3,0,0,1
1221,2026-07-12,10101,교육,경기,3,0,0,1
1222,2026-07-11,10101,교육,경기,3,0,0,1
1223,2026-07-10,10101,교육,경기,3,0,0,1
1224,2026-07-09,10101,교육,경기,3,0,0,1
1225,2026-07-08,10101,교육,경기,3,0,0,1
1226,2026-07-07,10101,교육,경기,3,0,0,1
1227,2026-07-06,10101,교육,경기,3,0,0,1
1228,2026-07-05,10101,교육,경기,3,0,0,1
1229,2026-07-04,10101,교육,경기,3,0,0,1
1230,2026-07-03,10101,교육,경기,3,0,0,1
1231,2026-07-02,10101,교육,경기,3,0,0,1
1232,2026-07-01,10101,교육,경기,3,0,0,1
1233,2026-07-14,518,개발,광주,4,0,0,0
1234,2026-07-13,518,개발,광주,4,0,0,1
1235,2026-07-12,518,개발,광주,4,0,0,1
1236,2026-07-11,518,개발,광주,4,0,0,1
1237,2026-07-10,518,개발,광주,4,0,0,1
1238,2026-07-09,518,개발,광주,4,0,0,1
1239,2026-07-08,518,개발,광주,4,0,0,1
1240,2026-07-07,518,개발,광주,4,0,0,1
1241,2026-07-06,518,개발,광주,4,0,0,1
1242,2026-07-05,518,개발,광주,4,0,0,1
1243,2026-07-04,518,개발,광주,4,0,0,1
1244,2026-07-03,518,개발,광주,4,0,0,1
1245,2026-07-02,518,개발,광주,4,0,0,1
1246,2026-07-01,518,개발,광주,4,0,0,1
1247,2026-07-14,532,물류·무역,대구,1,0,0,0
1248,2026-07-13,532,물류·무역,대구,1,0,0,1
1249,2026-07-12,532,물류·무역,대구,1,0,0,1
1250,2026-07-11,532,물류·무역,대구,1,0,0,1
1251,2026-07-10,532,물류·무역,대구,1,0,0,1
1252,2026-07-09,532,물류·무역,대구,1,0,0,1
1253,2026-07-08,532,물류·무역,대구,1,0,0,1
1254,2026-07-07,532,물류·무역,대구,1,0,0,1
1255,2026-07-06,532,물류·무역,대구,1,0,0,1
1256,2026-07-05,532,물류·무역,대구,1,0,0,1
1257,2026-07-04,532,물류·무역,대구,1,0,0,1
1258,2026-07-03,532,물류·무역,대구,1,0,0,1
1259,2026-07-02,532,물류·무역,대구,1,0,0,1
1260,2026-07-01,532,물류·무역,대구,1,0,0,1
1261,2026-07-14,522,제조·생산,충남,6,0,0,0
1262,2026-07-13,522,제조·생산,충남,6,0,0,1
1263,2026-07-12,522,제조·생산,충남,6,0,0,1
1264,2026-07-11,522,제조·생산,충남,6,0,0,1
1265,2026-07-10,522,제조·생산,충남,6,0,0,1
1266,2026-07-09,522,제조·생산,충남,7,0,0,1
1267,2026-07-08,522,제조·생산,충남,6,0,0,1
1268,2026-07-07,522,제조·생산,충남,6,0,0,1
1269,2026-07-06,522,제조·생산,충남,6,0,0,1
1270,2026-07-05,522,제조·생산,충남,6,0,0,1
1271,2026-07-04,522,제조·생산,충남,6,0,0,1
1272,2026-07-03,522,제조·생산,충남,6,0,0,1
1273,2026-07-02,522,제조·생산,충남,6,0,0,1
1274,2026-07-01,522,제조·생산,충남,6,0,0,1
1275,2026-07-14,530,영업,경북,1,0,0,0
1276,2026-07-13,530,영업,경북,1,0,0,1
1277,2026-07-12,530,영업,경북,1,0,0,1
1278,2026-07-11,530,영업,경북,1,0,0,1
1279,2026-07-10,530,영업,경북,1,0,0,1
1280,2026-07-09,530,영업,경북,1,0,0,1
1281,2026-07-08,530,영업,경북,1,0,0,1
1282,2026-07-07,530,영업,경북,1,0,0,1
1283,2026-07-06,530,영업,경북,1,0,0,1
1284,2026-07-05,530,영업,경북,1,0,0,1
1285,2026-07-04,530,영업,경북,1,0,0,1
1286,2026-07-03,530,영업,경북,1,0,0,1
1287,2026-07-02,530,영업,경북,1,0,0,1
1288,2026-07-01,530,영업,경북,1,0,0,1
1289,2026-07-14,10057,식·음료,인천,1,0,0,0
1290,2026-07-13,10057,식·음료,인천,1,0,0,1
1291,2026-07-12,10057,식·음료,인천,1,0,0,1
1292,2026-07-11,10057,식·음료,인천,1,0,0,1
1293,2026-07-10,10057,식·음료,인천,1,0,0,1
1294,2026-07-09,10057,식·음료,인천,1,0,0,1
1295,2026-07-08,10057,식·음료,인천,1,0,0,1
1296,2026-07-07,10057,식·음료,인천,1,0,0,1
1297,2026-07-06,10057,식·음료,인천,1,0,0,1
1298,2026-07-05,10057,식·음료,인천,1,0,0,1
1299,2026-07-04,10057,식·음료,인천,1,0,0,1
1300,2026-07-03,10057,식·음료,인천,1,0,0,1
1301,2026-07-02,10057,식·음료,인천,1,0,0,1
1302,2026-07-01,10057,식·음료,인천,1,0,0,1
1303,2026-07-14,523,마케팅·광고,대전,1,0,0,0
1304,2026-07-13,523,마케팅·광고,대전,1,0,0,1
1305,2026-07-12,523,마케팅·광고,대전,1,0,0,1
1306,2026-07-11,523,마케팅·광고,대전,1,0,0,1
1307,2026-07-10,523,마케팅·광고,대전,1,0,0,1
1308,2026-07-09,523,마케팅·광고,대전,1,0,0,1
1309,2026-07-08,523,마케팅·광고,대전,1,0,0,1
1310,2026-07-07,523,마케팅·광고,대전,1,0,0,1
1311,2026-07-06,523,마케팅·광고,대전,1,0,0,1
1312,2026-07-05,523,마케팅·광고,대전,1,0,0,1
1313,2026-07-04,523,마케팅·광고,대전,1,0,0,1
1314,2026-07-03,523,마케팅·광고,대전,1,0,0,1
1315,2026-07-02,523,마케팅·광고,대전,1,0,0,1
1316,2026-07-01,523,마케팅·광고,대전,1,0,0,1
1317,2026-07-14,530,영업,제주,1,0,0,0
1318,2026-07-13,530,영업,제주,1,0,0,1
1319,2026-07-12,530,영업,제주,1,0,0,1
1320,2026-07-11,530,영업,제주,1,0,0,1
1321,2026-07-10,530,영업,제주,1,0,0,1
1322,2026-07-09,530,영업,제주,1,0,0,1
1323,2026-07-08,530,영업,제주,1,0,0,1
1324,2026-07-07,530,영업,제주,1,0,0,1
1325,2026-07-06,530,영업,제주,1,0,0,1
1326,2026-07-05,530,영업,제주,1,0,0,1
1327,2026-07-04,530,영업,제주,1,0,0,1
1328,2026-07-03,530,영업,제주,1,0,0,1
1329,2026-07-02,530,영업,제주,1,0,0,1
1330,2026-07-01,530,영업,제주,1,0,0,1
1331,2026-07-14,510,고객서비스·리테일,제주,2,0,0,0
1332,2026-07-13,510,고객서비스·리테일,제주,2,0,0,1
1333,2026-07-12,510,고객서비스·리테일,제주,2,0,0,1
1334,2026-07-11,510,고객서비스·리테일,제주,2,0,0,1
1335,2026-07-10,510,고객서비스·리테일,제주,2,0,0,1
1336,2026-07-09,510,고객서비스·리테일,제주,2,0,0,1
1337,2026-07-08,510,고객서비스·리테일,제주,2,0,0,1
1338,2026-07-07,510,고객서비스·리테일,제주,2,0,0,1
1339,2026-07-06,510,고객서비스·리테일,제주,2,0,0,1
1340,2026-07-05,510,고객서비스·리테일,제주,2,0,0,1
1341,2026-07-04,510,고객서비스·리테일,제주,2,0,0,1
1342,2026-07-03,510,고객서비스·리테일,제주,2,0,0,1
1343,2026-07-02,510,고객서비스·리테일,제주,2,0,0,1
1344,2026-07-01,510,고객서비스·리테일,제주,2,0,0,1
1345,2026-07-14,524,미디어,대구,5,0,0,0
1346,2026-07-13,524,미디어,대구,5,0,0,1
1347,2026-07-12,524,미디어,대구,5,0,0,1
1348,2026-07-11,524,미디어,대구,5,0,0,1
1349,2026-07-10,524,미디어,대구,5,0,0,1
1350,2026-07-09,524,미디어,대구,6,0,0,1
1351,2026-07-08,524,미디어,대구,6,0,0,1
1352,2026-07-07,524,미디어,대구,6,0,0,1
1353,2026-07-06,524,미디어,대구,6,0,0,1
1354,2026-07-05,524,미디어,대구,6,0,0,1
1355,2026-07-04,524,미디어,대구,6,0,0,1
1356,2026-07-03,524,미디어,대구,6,0,0,1
1357,2026-07-02,524,미디어,대구,6,0,0,1
1358,2026-07-01,524,미디어,대구,6,0,0,1
1359,2026-07-14,959,게임 제작,경기,4,0,0,0
1360,2026-07-13,959,게임 제작,경기,4,0,0,1
1361,2026-07-12,959,게임 제작,경기,4,0,0,1
1362,2026-07-11,959,게임 제작,경기,4,0,0,1
1363,2026-07-10,959,게임 제작,경기,4,0,0,1
1364,2026-07-09,959,게임 제작,경기,4,0,0,1
1365,2026-07-08,959,게임 제작,경기,4,0,0,1
1366,2026-07-07,959,게임 제작,경기,4,0,0,1
1367,2026-07-06,959,게임 제작,경기,5,0,0,1
1368,2026-07-05,959,게임 제작,경기,5,0,0,1
1369,2026-07-04,959,게임 제작,경기,4,0,0,1
1370,2026-07-03,959,게임 제작,경기,4,0,0,1
1371,2026-07-02,959,게임 제작,경기,5,0,0,1
1372,2026-07-01,959,게임 제작,경기,5,0,0,1
1373,2026-07-14,509,건설·시설,경기,1,0,0,0
1374,2026-07-13,509,건설·시설,경기,1,0,0,1
1375,2026-07-12,509,건설·시설,경기,1,0,0,1
1376,2026-07-11,509,건설·시설,경기,1,0,0,1
1377,2026-07-10,509,건설·시설,경기,1,0,0,1
1378,2026-07-09,509,건설·시설,경기,1,0,0,1
1379,2026-07-08,509,건설·시설,경기,1,0,0,1
1380,2026-07-07,509,건설·시설,경기,1,0,0,1
1381,2026-07-06,509,건설·시설,경기,1,0,0,1
1382,2026-07-05,509,건설·시설,경기,1,0,0,1
1383,2026-07-04,509,건설·시설,경기,1,0,0,1
1384,2026-07-03,509,건설·시설,경기,1,0,0,1
1385,2026-07-02,509,건설·시설,경기,1,0,0,1
1386,2026-07-01,509,건설·시설,경기,1,0,0,1
1387,2026-07-14,515,의료·제약·바이오,대전,1,0,0,0
1388,2026-07-13,515,의료·제약·바이오,대전,1,0,0,1
1389,2026-07-12,515,의료·제약·바이오,대전,1,0,0,1
1390,2026-07-11,515,의료·제약·바이오,대전,1,0,0,1
1391,2026-07-10,515,의료·제약·바이오,대전,1,0,0,1
1392,2026-07-09,515,의료·제약·바이오,대전,1,0,0,1
1393,2026-07-08,515,의료·제약·바이오,대전,1,0,0,1
1394,2026-07-07,515,의료·제약·바이오,대전,1,0,0,1
1395,2026-07-06,515,의료·제약·바이오,대전,1,0,0,1
1396,2026-07-05,515,의료·제약·바이오,대전,1,0,0,1
1397,2026-07-04,515,의료·제약·바이오,대전,1,0,0,1
1398,2026-07-03,515,의료·제약·바이오,대전,1,0,0,1
1399,2026-07-02,515,의료·제약·바이오,대전,1,0,0,1
1400,2026-07-01,515,의료·제약·바이오,대전,1,0,0,1
1401,2026-07-14,513,엔지니어링·설계,광주,1,0,0,0
1402,2026-07-13,513,엔지니어링·설계,광주,1,0,0,1
1403,2026-07-12,513,엔지니어링·설계,광주,1,0,0,1
1404,2026-07-11,513,엔지니어링·설계,광주,1,0,0,1
1405,2026-07-10,513,엔지니어링·설계,광주,1,0,0,1
1406,2026-07-09,513,엔지니어링·설계,광주,1,0,0,1
1407,2026-07-08,513,엔지니어링·설계,광주,1,0,0,1
1408,2026-07-07,513,엔지니어링·설계,광주,1,0,0,1
1409,2026-07-06,513,엔지니어링·설계,광주,1,0,0,1
1410,2026-07-05,513,엔지니어링·설계,광주,1,0,0,1
1411,2026-07-04,513,엔지니어링·설계,광주,1,0,0,1
1412,2026-07-03,513,엔지니어링·설계,광주,1,0,0,1
1413,2026-07-02,513,엔지니어링·설계,광주,1,0,0,1
1414,2026-07-01,513,엔지니어링·설계,광주,1,0,0,1
1415,2026-07-14,508,금융,충북,3,0,0,0
1416,2026-07-13,508,금융,충북,3,0,0,1
1417,2026-07-12,508,금융,충북,3,0,0,1
1418,2026-07-11,508,금융,충북,3,0,0,1
1419,2026-07-10,508,금융,충북,3,0,0,1
1420,2026-07-09,508,금융,충북,3,0,0,1
1421,2026-07-08,508,금융,충북,3,0,0,1
1422,2026-07-07,508,금융,충북,3,0,0,1
1423,2026-07-06,508,금융,충북,3,0,0,1
1424,2026-07-05,508,금융,충북,3,0,0,1
1425,2026-07-04,508,금융,충북,3,0,0,1
1426,2026-07-03,508,금융,충북,3,0,0,1
1427,2026-07-02,508,금융,충북,3,0,0,1
1428,2026-07-01,508,금융,충북,3,0,0,1
1429,2026-07-14,523,마케팅·광고,대구,4,0,0,0
1430,2026-07-13,523,마케팅·광고,대구,4,0,0,1
1431,2026-07-12,523,마케팅·광고,대구,4,0,0,1
1432,2026-07-11,523,마케팅·광고,대구,4,0,0,1
1433,2026-07-10,523,마케팅·광고,대구,4,0,0,1
1434,2026-07-09,523,마케팅·광고,대구,4,0,0,1
1435,2026-07-08,523,마케팅·광고,대구,4,0,0,1
1436,2026-07-07,523,마케팅·광고,대구,4,0,0,1
1437,2026-07-06,523,마케팅·광고,대구,4,0,0,1
1438,2026-07-05,523,마케팅·광고,대구,4,0,0,1
1439,2026-07-04,523,마케팅·광고,대구,4,0,0,1
1440,2026-07-03,523,마케팅·광고,대구,4,0,0,1
1441,2026-07-02,523,마케팅·광고,대구,4,0,0,1
1442,2026-07-01,523,마케팅·광고,대구,4,0,0,1
1443,2026-07-14,513,엔지니어링·설계,경북,3,0,0,0
1444,2026-07-13,513,엔지니어링·설계,경북,3,0,0,1
1445,2026-07-12,513,엔지니어링·설계,경북,3,0,0,1
1446,2026-07-11,513,엔지니어링·설계,경북,3,0,0,1
1447,2026-07-10,513,엔지니어링·설계,경북,3,0,0,1
1448,2026-07-09,513,엔지니어링·설계,경북,3,0,0,1
1449,2026-07-08,513,엔지니어링·설계,경북,3,0,0,1
1450,2026-07-07,513,엔지니어링·설계,경북,3,0,0,1
1451,2026-07-06,513,엔지니어링·설계,경북,3,0,0,1
1452,2026-07-05,513,엔지니어링·설계,경북,3,0,0,1
1453,2026-07-04,513,엔지니어링·설계,경북,3,0,0,1
1454,2026-07-03,513,엔지니어링·설계,경북,3,0,0,1
1455,2026-07-02,513,엔지니어링·설계,경북,3,0,0,1
1456,2026-07-01,513,엔지니어링·설계,경북,3,0,0,1
1457,2026-07-14,524,미디어,광주,1,0,0,0
1458,2026-07-13,524,미디어,광주,1,0,0,1
1459,2026-07-12,524,미디어,광주,1,0,0,1
1460,2026-07-11,524,미디어,광주,1,0,0,1
1461,2026-07-10,524,미디어,광주,1,0,0,1
1462,2026-07-09,524,미디어,광주,1,0,0,1
1463,2026-07-08,524,미디어,광주,1,0,0,1
1464,2026-07-07,524,미디어,광주,1,0,0,1
1465,2026-07-06,524,미디어,광주,1,0,0,1
1466,2026-07-05,524,미디어,광주,1,0,0,1
1467,2026-07-04,524,미디어,광주,1,0,0,1
1468,2026-07-03,524,미디어,광주,1,0,0,1
1469,2026-07-02,524,미디어,광주,1,0,0,1
1470,2026-07-01,524,미디어,광주,1,0,0,1
1471,2026-07-14,523,마케팅·광고,광주,3,0,0,0
1472,2026-07-13,523,마케팅·광고,광주,3,0,0,1
1473,2026-07-12,523,마케팅·광고,광주,3,0,0,1
1474,2026-07-11,523,마케팅·광고,광주,3,0,0,1
1475,2026-07-10,523,마케팅·광고,광주,3,0,0,1
1476,2026-07-09,523,마케팅·광고,광주,3,0,0,1
1477,2026-07-08,523,마케팅·광고,광주,3,0,0,1
1478,2026-07-07,523,마케팅·광고,광주,3,0,0,1
1479,2026-07-06,523,마케팅·광고,광주,3,0,0,1
1480,2026-07-05,523,마케팅·광고,광주,3,0,0,1
1481,2026-07-04,523,마케팅·광고,광주,3,0,0,1
1482,2026-07-03,523,마케팅·광고,광주,3,0,0,1
1483,2026-07-02,523,마케팅·광고,광주,3,0,0,1
1484,2026-07-01,523,마케팅·광고,광주,3,0,0,1
1485,2026-07-14,511,디자인,광주,3,0,0,0
1486,2026-07-13,511,디자인,광주,3,0,0,1
1487,2026-07-12,511,디자인,광주,3,0,0,1
1488,2026-07-11,511,디자인,광주,3,0,0,1
1489,2026-07-10,511,디자인,광주,3,0,0,1
1490,2026-07-09,511,디자인,광주,3,0,0,1
1491,2026-07-08,511,디자인,광주,3,0,0,1
1492,2026-07-07,511,디자인,광주,3,0,0,1
1493,2026-07-06,511,디자인,광주,3,0,0,1
1494,2026-07-05,511,디자인,광주,3,0,0,1
1495,2026-07-04,511,디자인,광주,3,0,0,1
1496,2026-07-03,511,디자인,광주,3,0,0,1
1497,2026-07-02,511,디자인,광주,3,0,0,1
1498,2026-07-01,511,디자인,광주,3,0,0,1
1499,2026-07-14,507,경영·비즈니스,충북,3,0,0,0
1500,2026-07-13,507,경영·비즈니스,충북,3,0,0,1
1501,2026-07-12,507,경영·비즈니스,충북,3,0,0,1
1502,2026-07-11,507,경영·비즈니스,충북,3,0,0,1
1503,2026-07-10,507,경영·비즈니스,충북,3,0,0,1
1504,2026-07-09,507,경영·비즈니스,충북,3,0,0,1
1505,2026-07-08,507,경영·비즈니스,충북,3,0,0,1
1506,2026-07-07,507,경영·비즈니스,충북,3,0,0,1
1507,2026-07-06,507,경영·비즈니스,충북,3,0,0,1
1508,2026-07-05,507,경영·비즈니스,충북,3,0,0,1
1509,2026-07-04,507,경영·비즈니스,충북,3,0,0,1
1510,2026-07-03,507,경영·비즈니스,충북,3,0,0,1
1511,2026-07-02,507,경영·비즈니스,충북,3,0,0,1
1512,2026-07-01,507,경영·비즈니스,충북,3,0,0,1
1513,2026-07-14,530,영업,충북,1,0,0,0
1514,2026-07-13,530,영업,충북,1,0,0,1
1515,2026-07-12,530,영업,충북,1,0,0,1
1516,2026-07-11,530,영업,충북,1,0,0,1
1517,2026-07-10,530,영업,충북,1,0,0,1
1518,2026-07-09,530,영업,충북,1,0,0,1
1519,2026-07-08,530,영업,충북,1,0,0,1
1520,2026-07-07,530,영업,충북,1,0,0,1
1521,2026-07-06,530,영업,충북,1,0,0,1
1522,2026-07-05,530,영업,충북,1,0,0,1
1523,2026-07-04,530,영업,충북,1,0,0,1
1524,2026-07-03,530,영업,충북,1,0,0,1
1525,2026-07-02,530,영업,충북,1,0,0,1
1526,2026-07-01,530,영업,충북,1,0,0,1
1527,2026-07-14,513,엔지니어링·설계,충북,3,0,0,0
1528,2026-07-13,513,엔지니어링·설계,충북,3,0,0,1
1529,2026-07-12,513,엔지니어링·설계,충북,3,0,0,1
1530,2026-07-11,513,엔지니어링·설계,충북,3,0,0,1
1531,2026-07-10,513,엔지니어링·설계,충북,3,0,0,1
1532,2026-07-09,513,엔지니어링·설계,충북,3,0,0,1
1533,2026-07-08,513,엔지니어링·설계,충북,3,0,0,1
1534,2026-07-07,513,엔지니어링·설계,충북,3,0,0,1
1535,2026-07-06,513,엔지니어링·설계,충북,3,0,0,1
1536,2026-07-05,513,엔지니어링·설계,충북,3,0,0,1
1537,2026-07-04,513,엔지니어링·설계,충북,3,0,0,1
1538,2026-07-03,513,엔지니어링·설계,충북,3,0,0,1
1539,2026-07-02,513,엔지니어링·설계,충북,3,0,0,1
1540,2026-07-01,513,엔지니어링·설계,충북,3,0,0,1
1541,2026-07-14,10057,식·음료,충남,2,0,0,0
1542,2026-07-13,10057,식·음료,충남,2,0,0,1
1543,2026-07-12,10057,식·음료,충남,2,0,0,1
1544,2026-07-11,10057,식·음료,충남,2,0,0,1
1545,2026-07-10,10057,식·음료,충남,2,0,0,1
1546,2026-07-09,10057,식·음료,충남,2,0,0,1
1547,2026-07-08,10057,식·음료,충남,2,0,0,1
1548,2026-07-07,10057,식·음료,충남,2,0,0,1
1549,2026-07-06,10057,식·음료,충남,2,0,0,1
1550,2026-07-05,10057,식·음료,충남,2,0,0,1
1551,2026-07-04,10057,식·음료,충남,2,0,0,1
1552,2026-07-03,10057,식·음료,충남,2,0,0,1
1553,2026-07-02,10057,식·음료,충남,2,0,0,1
1554,2026-07-01,10057,식·음료,충남,2,0,0,1
1555,2026-07-14,507,경영·비즈니스,제주,4,0,0,0
1556,2026-07-13,507,경영·비즈니스,제주,4,0,0,1
1557,2026-07-12,507,경영·비즈니스,제주,4,0,0,1
1558,2026-07-11,507,경영·비즈니스,제주,4,0,0,1
1559,2026-07-10,507,경영·비즈니스,제주,4,0,0,1
1560,2026-07-09,507,경영·비즈니스,제주,4,0,0,1
1561,2026-07-08,507,경영·비즈니스,제주,4,0,0,1
1562,2026-07-07,507,경영·비즈니스,제주,4,0,0,1
1563,2026-07-06,507,경영·비즈니스,제주,4,0,0,1
1564,2026-07-05,507,경영·비즈니스,제주,4,0,0,1
1565,2026-07-04,507,경영·비즈니스,제주,4,0,0,1
1566,2026-07-03,507,경영·비즈니스,제주,4,0,0,1
1567,2026-07-02,507,경영·비즈니스,제주,4,0,0,1
1568,2026-07-01,507,경영·비즈니스,제주,4,0,0,1
1569,2026-07-14,507,경영·비즈니스,전북,5,0,0,0
1570,2026-07-13,507,경영·비즈니스,전북,5,0,0,1
1571,2026-07-12,507,경영·비즈니스,전북,5,0,0,1
1572,2026-07-11,507,경영·비즈니스,전북,5,0,0,1
1573,2026-07-10,507,경영·비즈니스,전북,5,0,0,1
1574,2026-07-09,507,경영·비즈니스,전북,5,0,0,1
1575,2026-07-08,507,경영·비즈니스,전북,5,0,0,1
1576,2026-07-07,507,경영·비즈니스,전북,5,0,0,1
1577,2026-07-06,507,경영·비즈니스,전북,5,0,0,1
1578,2026-07-05,507,경영·비즈니스,전북,5,0,0,1
1579,2026-07-04,507,경영·비즈니스,전북,5,0,0,1
1580,2026-07-03,507,경영·비즈니스,전북,5,0,0,1
1581,2026-07-02,507,경영·비즈니스,전북,5,0,0,1
1582,2026-07-01,507,경영·비즈니스,전북,5,0,0,1
1583,2026-07-14,518,개발,경남,4,0,0,0
1584,2026-07-13,518,개발,경남,4,0,0,1
1585,2026-07-12,518,개발,경남,4,0,0,1
1586,2026-07-11,518,개발,경남,4,0,0,1
1587,2026-07-10,518,개발,경남,4,0,0,1
1588,2026-07-09,518,개발,경남,4,0,0,1
1589,2026-07-08,518,개발,경남,4,0,0,1
1590,2026-07-07,518,개발,경남,4,0,0,1
1591,2026-07-06,518,개발,경남,4,0,0,1
1592,2026-07-05,518,개발,경남,4,0,0,1
1593,2026-07-04,518,개발,경남,4,0,0,1
1594,2026-07-03,518,개발,경남,4,0,0,1
1595,2026-07-02,518,개발,경남,4,0,0,1
1596,2026-07-01,518,개발,경남,4,0,0,1
1597,2026-07-14,511,디자인,경남,1,0,0,0
1598,2026-07-13,511,디자인,경남,1,0,0,1
1599,2026-07-12,511,디자인,경남,1,0,0,1
1600,2026-07-11,511,디자인,경남,1,0,0,1
1601,2026-07-10,511,디자인,경남,1,0,0,1
1602,2026-07-09,511,디자인,경남,1,0,0,1
1603,2026-07-08,511,디자인,경남,1,0,0,1
1604,2026-07-07,511,디자인,경남,1,0,0,1
1605,2026-07-06,511,디자인,경남,1,0,0,1
1606,2026-07-05,511,디자인,경남,1,0,0,1
1607,2026-07-04,511,디자인,경남,1,0,0,1
1608,2026-07-03,511,디자인,경남,1,0,0,1
1609,2026-07-02,511,디자인,경남,1,0,0,1
1610,2026-07-01,511,디자인,경남,1,0,0,1
1611,2026-07-14,530,영업,충남,2,0,0,0
1612,2026-07-13,530,영업,충남,2,0,0,1
1613,2026-07-12,530,영업,충남,2,0,0,1
1614,2026-07-11,530,영업,충남,2,0,0,1
1615,2026-07-10,530,영업,충남,2,0,0,1
1616,2026-07-09,530,영업,충남,2,0,0,1
1617,2026-07-08,530,영업,충남,2,0,0,1
1618,2026-07-07,530,영업,충남,2,0,0,1
1619,2026-07-06,530,영업,충남,2,0,0,1
1620,2026-07-05,530,영업,충남,2,0,0,1
1621,2026-07-04,530,영업,충남,2,0,0,1
1622,2026-07-03,530,영업,충남,2,0,0,1
1623,2026-07-02,530,영업,충남,2,0,0,1
1624,2026-07-01,530,영업,충남,2,0,0,1
1625,2026-07-14,507,경영·비즈니스,경북,1,0,0,0
1626,2026-07-13,507,경영·비즈니스,경북,1,0,0,1
1627,2026-07-12,507,경영·비즈니스,경북,1,0,0,1
1628,2026-07-11,507,경영·비즈니스,경북,1,0,0,1
1629,2026-07-10,507,경영·비즈니스,경북,1,0,0,1
1630,2026-07-09,507,경영·비즈니스,경북,1,0,0,1
1631,2026-07-08,507,경영·비즈니스,경북,1,0,0,1
1632,2026-07-07,507,경영·비즈니스,경북,1,0,0,1
1633,2026-07-06,507,경영·비즈니스,경북,1,0,0,1
1634,2026-07-05,507,경영·비즈니스,경북,1,0,0,1
1635,2026-07-04,507,경영·비즈니스,경북,1,0,0,1
1636,2026-07-03,507,경영·비즈니스,경북,1,0,0,1
1637,2026-07-02,507,경영·비즈니스,경북,1,0,0,1
1638,2026-07-01,507,경영·비즈니스,경북,1,0,0,1
1639,2026-07-14,508,금융,울산,2,0,0,0
1640,2026-07-13,508,금융,울산,2,0,0,1
1641,2026-07-12,508,금융,울산,2,0,0,1
1642,2026-07-11,508,금융,울산,2,0,0,1
1643,2026-07-10,508,금융,울산,2,0,0,1
1644,2026-07-09,508,금융,울산,2,0,0,1
1645,2026-07-08,508,금융,울산,2,0,0,1
1646,2026-07-07,508,금융,울산,2,0,0,1
1647,2026-07-06,508,금융,울산,2,0,0,1
1648,2026-07-05,508,금융,울산,2,0,0,1
1649,2026-07-04,508,금융,울산,2,0,0,1
1650,2026-07-03,508,금융,울산,2,0,0,1
1651,2026-07-02,508,금융,울산,2,0,0,1
1652,2026-07-01,508,금융,울산,2,0,0,1
1653,2026-07-14,530,영업,전북,1,0,0,0
1654,2026-07-13,530,영업,전북,1,0,0,1
1655,2026-07-12,530,영업,전북,1,0,0,1
1656,2026-07-11,530,영업,전북,1,0,0,1
1657,2026-07-10,530,영업,전북,1,0,0,1
1658,2026-07-09,530,영업,전북,1,0,0,1
1659,2026-07-08,530,영업,전북,1,0,0,1
1660,2026-07-07,530,영업,전북,1,0,0,1
1661,2026-07-06,530,영업,전북,1,0,0,1
1662,2026-07-05,530,영업,전북,1,0,0,1
1663,2026-07-04,530,영업,전북,1,0,0,1
1664,2026-07-03,530,영업,전북,1,0,0,1
1665,2026-07-02,530,영업,전북,1,0,0,1
1666,2026-07-01,530,영업,전북,1,0,0,1
1667,2026-07-14,513,엔지니어링·설계,세종,5,0,0,0
1668,2026-07-13,513,엔지니어링·설계,세종,5,0,0,1
1669,2026-07-12,513,엔지니어링·설계,세종,5,0,0,1
1670,2026-07-11,513,엔지니어링·설계,세종,5,0,0,1
1671,2026-07-10,513,엔지니어링·설계,세종,5,0,0,1
1672,2026-07-09,513,엔지니어링·설계,세종,5,0,0,1
1673,2026-07-08,513,엔지니어링·설계,세종,5,0,0,1
1674,2026-07-07,513,엔지니어링·설계,세종,5,0,0,1
1675,2026-07-06,513,엔지니어링·설계,세종,5,0,0,1
1676,2026-07-05,513,엔지니어링·설계,세종,5,0,0,1
1677,2026-07-04,513,엔지니어링·설계,세종,5,0,0,1
1678,2026-07-03,513,엔지니어링·설계,세종,5,0,0,1
1679,2026-07-02,513,엔지니어링·설계,세종,5,0,0,1
1680,2026-07-01,513,엔지니어링·설계,세종,5,0,0,1
1681,2026-07-14,515,의료·제약·바이오,대구,1,0,0,0
1682,2026-07-13,515,의료·제약·바이오,대구,1,0,0,1
1683,2026-07-12,515,의료·제약·바이오,대구,1,0,0,1
1684,2026-07-11,515,의료·제약·바이오,대구,1,0,0,1
1685,2026-07-10,515,의료·제약·바이오,대구,1,0,0,1
1686,2026-07-09,515,의료·제약·바이오,대구,1,0,0,1
1687,2026-07-08,515,의료·제약·바이오,대구,1,0,0,1
1688,2026-07-07,515,의료·제약·바이오,대구,1,0,0,1
1689,2026-07-06,515,의료·제약·바이오,대구,1,0,0,1
1690,2026-07-05,515,의료·제약·바이오,대구,1,0,0,1
1691,2026-07-04,515,의료·제약·바이오,대구,1,0,0,1
1692,2026-07-03,515,의료·제약·바이오,대구,1,0,0,1
1693,2026-07-02,515,의료·제약·바이오,대구,1,0,0,1
1694,2026-07-01,515,의료·제약·바이오,대구,1,0,0,1
1695,2026-07-14,507,경영·비즈니스,강원,1,0,0,0
1696,2026-07-13,507,경영·비즈니스,강원,1,0,0,1
1697,2026-07-12,507,경영·비즈니스,강원,1,0,0,1
1698,2026-07-11,507,경영·비즈니스,강원,1,0,0,1
1699,2026-07-10,507,경영·비즈니스,강원,1,0,0,1
1700,2026-07-09,507,경영·비즈니스,강원,1,0,0,1
1701,2026-07-08,507,경영·비즈니스,강원,1,0,0,1
1702,2026-07-07,507,경영·비즈니스,강원,1,0,0,1
1703,2026-07-06,507,경영·비즈니스,강원,1,0,0,1
1704,2026-07-05,507,경영·비즈니스,강원,1,0,0,1
1705,2026-07-04,507,경영·비즈니스,강원,1,0,0,1
1706,2026-07-03,507,경영·비즈니스,강원,1,0,0,1
1707,2026-07-02,507,경영·비즈니스,강원,1,0,0,1
1708,2026-07-01,507,경영·비즈니스,강원,1,0,0,1
1709,2026-07-14,511,디자인,울산,1,0,0,0
1710,2026-07-13,511,디자인,울산,1,0,0,1
1711,2026-07-12,511,디자인,울산,1,0,0,1
1712,2026-07-11,511,디자인,울산,1,0,0,1
1713,2026-07-10,511,디자인,울산,1,0,0,1
1714,2026-07-09,511,디자인,울산,1,0,0,1
1715,2026-07-08,511,디자인,울산,1,0,0,1
1716,2026-07-07,511,디자인,울산,1,0,0,1
1717,2026-07-06,511,디자인,울산,1,0,0,1
1718,2026-07-05,511,디자인,울산,1,0,0,1
1719,2026-07-04,511,디자인,울산,1,0,0,1
1720,2026-07-03,511,디자인,울산,1,0,0,1
1721,2026-07-02,511,디자인,울산,1,0,0,1
1722,2026-07-01,511,디자인,울산,1,0,0,1
1723,2026-07-14,532,물류·무역,부산,1,0,0,0
1724,2026-07-13,532,물류·무역,부산,1,0,0,1
1725,2026-07-12,532,물류·무역,부산,1,0,0,1
1726,2026-07-11,532,물류·무역,부산,1,0,0,1
1727,2026-07-10,532,물류·무역,부산,1,0,0,1
1728,2026-07-09,532,물류·무역,부산,1,0,0,1
1729,2026-07-08,532,물류·무역,부산,1,0,0,1
1730,2026-07-07,532,물류·무역,부산,1,0,0,1
1731,2026-07-06,532,물류·무역,부산,1,0,0,1
1732,2026-07-05,532,물류·무역,부산,1,0,0,1
1733,2026-07-04,532,물류·무역,부산,1,0,0,1
1734,2026-07-03,532,물류·무역,부산,1,0,0,1
1735,2026-07-02,532,물류·무역,부산,1,0,0,1
1736,2026-07-01,532,물류·무역,부산,1,0,0,1
1737,2026-07-14,515,의료·제약·바이오,충남,1,0,0,0
1738,2026-07-13,515,의료·제약·바이오,충남,1,0,0,1
1739,2026-07-12,515,의료·제약·바이오,충남,1,0,0,1
1740,2026-07-11,515,의료·제약·바이오,충남,1,0,0,1
1741,2026-07-10,515,의료·제약·바이오,충남,1,0,0,1
1742,2026-07-09,515,의료·제약·바이오,충남,1,0,0,1
1743,2026-07-08,515,의료·제약·바이오,충남,1,0,0,1
1744,2026-07-07,515,의료·제약·바이오,충남,1,0,0,1
1745,2026-07-06,515,의료·제약·바이오,충남,1,0,0,1
1746,2026-07-05,515,의료·제약·바이오,충남,1,0,0,1
1747,2026-07-04,515,의료·제약·바이오,충남,1,0,0,1
1748,2026-07-03,515,의료·제약·바이오,충남,1,0,0,1
1749,2026-07-02,515,의료·제약·바이오,충남,1,0,0,1
1750,2026-07-01,515,의료·제약·바이오,충남,1,0,0,1
1751,2026-07-14,511,디자인,부산,3,0,0,0
1752,2026-07-13,511,디자인,부산,3,0,0,1
1753,2026-07-12,511,디자인,부산,3,0,0,1
1754,2026-07-11,511,디자인,부산,3,0,0,1
1755,2026-07-10,511,디자인,부산,3,0,0,1
1756,2026-07-09,511,디자인,부산,3,0,0,1
1757,2026-07-08,511,디자인,부산,3,0,0,1
1758,2026-07-07,511,디자인,부산,3,0,0,1
1759,2026-07-06,511,디자인,부산,3,0,0,1
1760,2026-07-05,511,디자인,부산,3,0,0,1
1761,2026-07-04,511,디자인,부산,3,0,0,1
1762,2026-07-03,511,디자인,부산,3,0,0,1
1763,2026-07-02,511,디자인,부산,3,0,0,1
1764,2026-07-01,511,디자인,부산,3,0,0,1
1765,2026-07-14,507,경영·비즈니스,광주,1,0,0,0
1766,2026-07-13,507,경영·비즈니스,광주,1,0,0,1
1767,2026-07-12,507,경영·비즈니스,광주,1,0,0,1
1768,2026-07-11,507,경영·비즈니스,광주,1,0,0,1
1769,2026-07-10,507,경영·비즈니스,광주,1,0,0,1
1770,2026-07-09,507,경영·비즈니스,광주,1,0,0,1
1771,2026-07-08,507,경영·비즈니스,광주,1,0,0,1
1772,2026-07-07,507,경영·비즈니스,광주,1,0,0,1
1773,2026-07-06,507,경영·비즈니스,광주,1,0,0,1
1774,2026-07-05,507,경영·비즈니스,광주,1,0,0,1
1775,2026-07-04,507,경영·비즈니스,광주,1,0,0,1
1776,2026-07-03,507,경영·비즈니스,광주,1,0,0,1
1777,2026-07-02,507,경영·비즈니스,광주,1,0,0,1
1778,2026-07-01,507,경영·비즈니스,광주,1,0,0,1
1779,2026-07-14,508,금융,부산,1,0,0,0
1780,2026-07-13,508,금융,부산,1,0,0,1
1781,2026-07-12,508,금융,부산,1,0,0,1
1782,2026-07-11,508,금융,부산,1,0,0,1
1783,2026-07-10,508,금융,부산,1,0,0,1
1784,2026-07-09,508,금융,부산,1,0,0,1
1785,2026-07-08,508,금융,부산,1,0,0,1
1786,2026-07-07,508,금융,부산,1,0,0,1
1787,2026-07-06,508,금융,부산,1,0,0,1
1788,2026-07-05,508,금융,부산,1,0,0,1
1789,2026-07-04,508,금융,부산,1,0,0,1
1790,2026-07-03,508,금융,부산,1,0,0,1
1791,2026-07-02,508,금융,부산,1,0,0,1
1792,2026-07-01,508,금융,부산,1,0,0,1
1793,2026-07-14,523,마케팅·광고,울산,1,0,0,0
1794,2026-07-13,523,마케팅·광고,울산,1,0,0,1
1795,2026-07-12,523,마케팅·광고,울산,1,0,0,1
1796,2026-07-11,523,마케팅·광고,울산,1,0,0,1
1797,2026-07-10,523,마케팅·광고,울산,1,0,0,1
1798,2026-07-09,523,마케팅·광고,울산,1,0,0,1
1799,2026-07-08,523,마케팅·광고,울산,1,0,0,1
1800,2026-07-07,523,마케팅·광고,울산,1,0,0,1
1801,2026-07-06,523,마케팅·광고,울산,1,0,0,1
1802,2026-07-05,523,마케팅·광고,울산,1,0,0,1
1803,2026-07-04,523,마케팅·광고,울산,1,0,0,1
1804,2026-07-03,523,마케팅·광고,울산,1,0,0,1
1805,2026-07-02,523,마케팅·광고,울산,1,0,0,1
1806,2026-07-01,523,마케팅·광고,울산,1,0,0,1
1807,2026-07-14,511,디자인,전남,1,0,0,0
1808,2026-07-13,511,디자인,전남,1,0,0,1
1809,2026-07-12,511,디자인,전남,1,0,0,1
1810,2026-07-11,511,디자인,전남,1,0,0,1
1811,2026-07-10,511,디자인,전남,1,0,0,1
1812,2026-07-09,511,디자인,전남,1,0,0,1
1813,2026-07-08,511,디자인,전남,1,0,0,1
1814,2026-07-07,511,디자인,전남,1,0,0,1
1815,2026-07-06,511,디자인,전남,1,0,0,1
1816,2026-07-05,511,디자인,전남,1,0,0,1
1817,2026-07-04,511,디자인,전남,1,0,0,1
1818,2026-07-03,511,디자인,전남,1,0,0,1
1819,2026-07-02,511,디자인,전남,1,0,0,1
1820,2026-07-01,511,디자인,전남,1,0,0,1
1821,2026-07-14,514,공공·복지,서울,1,0,0,0
1822,2026-07-13,514,공공·복지,서울,1,0,0,1
1823,2026-07-12,514,공공·복지,서울,1,0,0,1
1824,2026-07-11,514,공공·복지,서울,1,0,0,1
1825,2026-07-10,514,공공·복지,서울,1,0,0,1
1826,2026-07-09,514,공공·복지,서울,1,0,0,1
1827,2026-07-08,514,공공·복지,서울,1,0,0,1
1828,2026-07-07,514,공공·복지,서울,1,0,0,1
1829,2026-07-06,514,공공·복지,서울,1,0,0,1
1830,2026-07-05,514,공공·복지,서울,1,0,0,1
1831,2026-07-04,514,공공·복지,서울,1,0,0,1
1832,2026-07-03,514,공공·복지,서울,1,0,0,1
1833,2026-07-02,514,공공·복지,서울,1,0,0,1
1834,2026-07-01,514,공공·복지,서울,1,0,0,1
1835,2026-07-14,515,의료·제약·바이오,인천,3,0,0,0
1836,2026-07-13,515,의료·제약·바이오,인천,3,0,0,1
1837,2026-07-12,515,의료·제약·바이오,인천,3,0,0,1
1838,2026-07-11,515,의료·제약·바이오,인천,3,0,0,1
1839,2026-07-10,515,의료·제약·바이오,인천,3,0,0,1
1840,2026-07-09,515,의료·제약·바이오,인천,3,0,0,1
1841,2026-07-08,515,의료·제약·바이오,인천,3,0,0,1
1842,2026-07-07,515,의료·제약·바이오,인천,3,0,0,1
1843,2026-07-06,515,의료·제약·바이오,인천,3,0,0,1
1844,2026-07-05,515,의료·제약·바이오,인천,3,0,0,1
1845,2026-07-04,515,의료·제약·바이오,인천,3,0,0,1
1846,2026-07-03,515,의료·제약·바이오,인천,3,0,0,1
1847,2026-07-02,515,의료·제약·바이오,인천,2,0,0,1
1848,2026-07-01,515,의료·제약·바이오,인천,3,0,0,1
1849,2026-07-14,523,마케팅·광고,충남,1,0,0,0
1850,2026-07-13,523,마케팅·광고,충남,1,0,0,1
1851,2026-07-12,523,마케팅·광고,충남,1,0,0,1
1852,2026-07-11,523,마케팅·광고,충남,1,0,0,1
1853,2026-07-10,523,마케팅·광고,충남,1,0,0,1
1854,2026-07-09,523,마케팅·광고,충남,1,0,0,1
1855,2026-07-08,523,마케팅·광고,충남,1,0,0,1
1856,2026-07-07,523,마케팅·광고,충남,1,0,0,1
1857,2026-07-06,523,마케팅·광고,충남,1,0,0,1
1858,2026-07-05,523,마케팅·광고,충남,1,0,0,1
1859,2026-07-04,523,마케팅·광고,충남,1,0,0,1
1860,2026-07-03,523,마케팅·광고,충남,1,0,0,1
1861,2026-07-02,523,마케팅·광고,충남,1,0,0,1
1862,2026-07-01,523,마케팅·광고,충남,1,0,0,1
1863,2026-07-14,523,마케팅·광고,경북,1,0,0,0
1864,2026-07-13,523,마케팅·광고,경북,1,0,0,1
1865,2026-07-12,523,마케팅·광고,경북,1,0,0,1
1866,2026-07-11,523,마케팅·광고,경북,1,0,0,1
1867,2026-07-10,523,마케팅·광고,경북,1,0,0,1
1868,2026-07-09,523,마케팅·광고,경북,1,0,0,1
1869,2026-07-08,523,마케팅·광고,경북,1,0,0,1
1870,2026-07-07,523,마케팅·광고,경북,1,0,0,1
1871,2026-07-06,523,마케팅·광고,경북,1,0,0,1
1872,2026-07-05,523,마케팅·광고,경북,1,0,0,1
1873,2026-07-04,523,마케팅·광고,경북,1,0,0,1
1874,2026-07-03,523,마케팅·광고,경북,1,0,0,1
1875,2026-07-02,523,마케팅·광고,경북,1,0,0,1
1876,2026-07-01,523,마케팅·광고,경북,1,0,0,1
1877,2026-07-14,10057,식·음료,충북,1,0,0,0
1878,2026-07-13,10057,식·음료,충북,1,0,0,1
1879,2026-07-12,10057,식·음료,충북,1,0,0,1
1880,2026-07-11,10057,식·음료,충북,1,0,0,1
1881,2026-07-10,10057,식·음료,충북,1,0,0,1
1882,2026-07-09,10057,식·음료,충북,1,0,0,1
1883,2026-07-08,10057,식·음료,충북,1,0,0,1
1884,2026-07-07,10057,식·음료,충북,1,0,0,1
1885,2026-07-06,10057,식·음료,충북,1,0,0,1
1886,2026-07-05,10057,식·음료,충북,1,0,0,1
1887,2026-07-04,10057,식·음료,충북,1,0,0,1
1888,2026-07-03,10057,식·음료,충북,1,0,0,1
1889,2026-07-02,10057,식·음료,충북,1,0,0,1
1890,2026-07-01,10057,식·음료,충북,1,0,0,1
1891,2026-07-14,522,제조·생산,경북,1,0,0,0
1892,2026-07-13,522,제조·생산,경북,1,0,0,1
1893,2026-07-12,522,제조·생산,경북,1,0,0,1
1894,2026-07-11,522,제조·생산,경북,1,0,0,1
1895,2026-07-10,522,제조·생산,경북,1,0,0,1
1896,2026-07-09,522,제조·생산,경북,1,0,0,1
1897,2026-07-08,522,제조·생산,경북,1,0,0,1
1898,2026-07-07,522,제조·생산,경북,1,0,0,1
1899,2026-07-06,522,제조·생산,경북,1,0,0,1
1900,2026-07-05,522,제조·생산,경북,1,0,0,1
1901,2026-07-04,522,제조·생산,경북,1,0,0,1
1902,2026-07-03,522,제조·생산,경북,1,0,0,1
1903,2026-07-02,522,제조·생산,경북,1,0,0,1
1904,2026-07-01,522,제조·생산,경북,1,0,0,1
1905,2026-07-14,511,디자인,인천,1,0,0,0
1906,2026-07-13,511,디자인,인천,1,0,0,1
1907,2026-07-12,511,디자인,인천,1,0,0,1
1908,2026-07-11,511,디자인,인천,1,0,0,1
1909,2026-07-10,511,디자인,인천,1,0,0,1
1910,2026-07-09,511,디자인,인천,1,0,0,1
1911,2026-07-08,511,디자인,인천,1,0,0,1
1912,2026-07-07,511,디자인,인천,1,0,0,1
1913,2026-07-06,511,디자인,인천,1,0,0,1
1914,2026-07-05,511,디자인,인천,1,0,0,1
1915,2026-07-04,511,디자인,인천,1,0,0,1
1916,2026-07-03,511,디자인,인천,1,0,0,1
1917,2026-07-02,511,디자인,인천,1,0,0,1
1918,2026-07-01,511,디자인,인천,1,0,0,1
1919,2026-07-14,530,영업,강원,1,0,0,0
1920,2026-07-13,530,영업,강원,1,0,0,1
1921,2026-07-12,530,영업,강원,1,0,0,1
1922,2026-07-11,530,영업,강원,1,0,0,1
1923,2026-07-10,530,영업,강원,1,0,0,1
1924,2026-07-09,530,영업,강원,1,0,0,1
1925,2026-07-08,530,영업,강원,1,0,0,1
1926,2026-07-07,530,영업,강원,1,0,0,1
1927,2026-07-06,530,영업,강원,1,0,0,1
1928,2026-07-05,530,영업,강원,1,0,0,1
1929,2026-07-04,530,영업,강원,1,0,0,1
1930,2026-07-03,530,영업,강원,1,0,0,1
1931,2026-07-02,530,영업,강원,1,0,0,1
1932,2026-07-01,530,영업,강원,1,0,0,1
