id,status,name,company_id,company_name,employment_type,additional_apply_type,due_time,country,location,full_location,reward_total,reward_recommender,reward_recommendee,category_parent,category_children,url
374895,active,상품 기획 담당자 (제과/초콜릿),14940,라라스윗,regular,,,한국,서울,서울시 강남구 영동대로 333 동원빌딩,"￦1,000,000","￦500,000","￦500,000",경영·비즈니스,상품기획자(BM),https://www.wanted.co.kr/wd/374895?client_id=x7eN3AyKUtFUcR2WIUFbWYfS
374801,active,Product Manager,162,아이지넷(보닥),regular,,,한국,서울,"서울 송파구 법원로8길 9 (문정동,청림타워)","￦1,000,000","￦500,000","￦500,000",경영·비즈니스,서비스 기획자,https://www.wanted.co.kr/wd/374801?client_id=x7eN3AyKUtFUcR2WIUFbWYfS
374913,active,AI Project Leader,3487,애자일소다,regular,,2026-08-31,한국,서울,서울시 강남구 선릉로 525 인포스톰빌딩 3층,"￦1,000,000","￦500,000","￦500,000",경영·비즈니스,PM·PO,https://www.wanted.co.kr/wd/374913?client_id=x7eN3AyKUtFUcR2WIUFbWYfS
374822,active,Global Sales Manager,8579,비햅틱스,regular,foreigner,,한국,서울,"서울 중구 세종대로12길 12, 4층 비햅틱스","￦1,000,000","￦500,000","￦500,000",영업,주요고객사 담당자,https://www.wanted.co.kr/wd/374822?client_id=x7eN3AyKUtFUcR2WIUFbWYfS
374870,active,[AI CX사업부문] QA 엔지니어,1760,플래티어,regular,,,한국,서울,서울시 송파구 법원로9길 26  H Business Park D동 6층,"￦1,000,000","￦500,000","￦500,000",개발,"QA,테스트 엔지니어",https://www.wanted.co.kr/wd/374870?client_id=x7eN3AyKUtFUcR2WIUFbWYfS
368075,active,Data Engineer (Platform),24000,토스뱅크,regular,,,한국,서울,서울특별시 강남구 테헤란로 131,"￦1,000,000","￦500,000","￦500,000",개발,데이터 엔지니어,https://www.wanted.co.kr/wd/368075?client_id=x7eN3AyKUtFUcR2WIUFbWYfS
354478,active,[인턴] Android 개발자,8185,비모소프트,intern,,2026-08-08,한국,경기,경기도 안양시 동안구 시민대로 327번길 11-35 (관양동) 엠투아이건물 4층,"￦1,000,000","￦500,000","￦500,000",개발,안드로이드 개발자,https://www.wanted.co.kr/wd/354478?client_id=x7eN3AyKUtFUcR2WIUFbWYfS
355442,active,[인턴] iOS 개발자,8185,비모소프트,intern,,2026-08-08,한국,경기,경기도 안양시 동안구 시민대로 327번길 11-35 (관양동) 엠투아이건물 4층,"￦1,000,000","￦500,000","￦500,000",개발,iOS 개발자,https://www.wanted.co.kr/wd/355442?client_id=x7eN3AyKUtFUcR2WIUFbWYfS
374821,active,AstraGo Pre-Sales 1년 이상,20337,씨이랩,regular,,,한국,서울,"서울특별시 강남구 언주로 617, 4층 씨이랩","￦1,000,000","￦500,000","￦500,000",영업,영업 관리자;기술영업;외부영업,https://www.wanted.co.kr/wd/374821?client_id=x7eN3AyKUtFUcR2WIUFbWYfS
373244,active,[디자인본부] 밀크터치 패키지 디자이너,10318,올리브인터내셔널,regular,,,한국,서울,"서울 서초구 서초대로 398, 그레이츠 강남 14층 올리브인터내셔널","￦1,000,000","￦500,000","￦500,000",디자인,패키지 디자이너,https://www.wanted.co.kr/wd/373244?client_id=x7eN3AyKUtFUcR2WIUFbWYfS
317565,active,백엔드 개발자 (Backend Developer),36829,렌트리,regular,,,한국,서울,"서울 마포구 마포대로 122, 17층","￦1,000,000","￦500,000","￦500,000",개발,서버 개발자;파이썬 개발자;자바 개발자,https://www.wanted.co.kr/wd/317565?client_id=x7eN3AyKUtFUcR2WIUFbWYfS
163208,active,콘텐츠 PM [신규 분야],1939,코드잇(codeit),regular,,,한국,서울,중구 청계천로 100 시그니쳐타워 동관 10층,"￦1,000,000","￦500,000","￦500,000",교육,교재·교육기획,https://www.wanted.co.kr/wd/163208?client_id=x7eN3AyKUtFUcR2WIUFbWYfS
331647,active,Product Manager(PM),36829,렌트리,regular,,,한국,서울,"서울 마포구 마포대로 122, 17층","￦1,000,000","￦500,000","￦500,000",경영·비즈니스,데이터 분석가;서비스 기획자;PM·PO,https://www.wanted.co.kr/wd/331647?client_id=x7eN3AyKUtFUcR2WIUFbWYfS
359276,active,AI 오퍼레이션 엔지니어 (AI Operations Engineer),36829,렌트리,regular,,,한국,서울,"서울 마포구 마포대로 122, 신용보증기금빌딩 17층","￦1,000,000","￦500,000","￦500,000",개발,DevOps / 시스템 관리자;개발 매니저;데이터 엔지니어,https://www.wanted.co.kr/wd/359276?client_id=x7eN3AyKUtFUcR2WIUFbWYfS
364718,active,"영업 컨설턴트 슈퍼바이저(Consultant Supervisor, SV)",36829,렌트리,regular,,,한국,서울,"서울 마포구 마포대로 122, 신용보증기금빌딩 17층","￦1,000,000","￦500,000","￦500,000",고객서비스·리테일,CS 어드바이저;CS 매니저;아웃바운드 텔레마케터,https://www.wanted.co.kr/wd/364718?client_id=x7eN3AyKUtFUcR2WIUFbWYfS
374815,active,디자이너,11488,제이케이엠디자인,regular,,,한국,서울,종로구 삼청로135-5 ,"￦1,000,000","￦500,000","￦500,000",디자인,"영상,모션 디자이너;콘텐츠 디자이너;BI/BX 디자이너",https://www.wanted.co.kr/wd/374815?client_id=x7eN3AyKUtFUcR2WIUFbWYfS
367943,active,HR&GA 매니저,36829,렌트리,regular,,,한국,서울,"서울 마포구 마포대로 122, 신용보증기금빌딩 17층","￦1,000,000","￦500,000","￦500,000",HR,HRBP;조직문화;인사담당,https://www.wanted.co.kr/wd/367943?client_id=x7eN3AyKUtFUcR2WIUFbWYfS
370242,active,세일즈 상담 품질 매니저(QA Manager),36829,렌트리,regular,,,한국,서울,"서울 마포구 마포대로 122, 신용보증기금빌딩 17층","￦1,000,000","￦500,000","￦500,000",고객서비스·리테일,인바운드 텔레마케터;CS 어드바이저;CS 매니저,https://www.wanted.co.kr/wd/370242?client_id=x7eN3AyKUtFUcR2WIUFbWYfS
371524,active,"그로스 마케터(Growth Marketer, 3년 이상)",36829,렌트리,regular,,,한국,서울,"서울 마포구 마포대로 122, 17층","￦1,000,000","￦500,000","￦500,000",마케팅·광고,퍼포먼스 마케터;마케터;마케팅 전략 기획자,https://www.wanted.co.kr/wd/371524?client_id=x7eN3AyKUtFUcR2WIUFbWYfS
374798,active,Recruiting Business Partner,28467,메라키플레이스,regular,,,한국,서울,"서울 강남구 테헤란로 242, 패스트파이브 4층","￦1,000,000","￦500,000","￦500,000",HR,HRBP;인사담당;리크루터,https://www.wanted.co.kr/wd/374798?client_id=x7eN3AyKUtFUcR2WIUFbWYfS
372984,active,기술 영업 오퍼레이션 담당자,23241,한국딥러닝,regular,,2026-07-31,한국,서울,서초구 강남대로89길 30,"￦1,000,000","￦500,000","￦500,000",영업,기술영업;솔루션 컨설턴트;기업영업,https://www.wanted.co.kr/wd/372984?client_id=x7eN3AyKUtFUcR2WIUFbWYfS
336604,active,[리들샷/글로벌] 해외영업(동남아B2B),15694,브이티코스메틱,regular,foreigner,,한국,서울,서울특별시 강남구 삼성로76길 23,"￦1,000,000","￦500,000","￦500,000",영업,미디어 세일즈;해외영업,https://www.wanted.co.kr/wd/336604?client_id=x7eN3AyKUtFUcR2WIUFbWYfS
374904,active,[세일즈] KR Channel Team - AMD(자사몰),27713,에프앤엘코퍼레이션,regular,,,한국,서울,"서울 영등포구 영등포로 150, 생각공장 당산 C동 14층","￦1,000,000","￦500,000","￦500,000",고객서비스·리테일,MD,https://www.wanted.co.kr/wd/374904?client_id=x7eN3AyKUtFUcR2WIUFbWYfS
374807,active,주니어/시니어 AI Engineer(전문연구요원 가능),9629,이지케어텍,regular,,,한국,서울,서울 중구 퇴계로 307 광희빌딩 이지케어텍,"￦1,000,000","￦500,000","￦500,000",개발,"기술지원;QA,테스트 엔지니어;머신러닝 엔지니어",https://www.wanted.co.kr/wd/374807?client_id=x7eN3AyKUtFUcR2WIUFbWYfS
368334,active,AI Project Manager,10997,엘박스,regular,,,한국,서울,"서울특별시 강남구 테헤란로 306, 카이트타워 5층","￦1,000,000","￦500,000","￦500,000",경영·비즈니스,서비스 기획자;PM·PO,https://www.wanted.co.kr/wd/368334?client_id=x7eN3AyKUtFUcR2WIUFbWYfS
374471,active,개발자,43294,에이비에이치,contract,,,한국,울산,"울산광역시 중구 종가로 406-21, D동 203-206호 주식회사 에이비에이치","￦200,000","￦100,000","￦100,000",개발,자바 개발자;Node.js 개발자,https://www.wanted.co.kr/wd/374471?client_id=x7eN3AyKUtFUcR2WIUFbWYfS
374797,active,Biz X 센터 담당자,46887,모나미,regular,,2026-07-31,한국,경기,경기 용인시 수지구 손곡로 17 (동천동),"￦1,000,000","￦500,000","￦500,000",고객서비스·리테일,CS 어드바이저,https://www.wanted.co.kr/wd/374797?client_id=x7eN3AyKUtFUcR2WIUFbWYfS
370959,active,이너뷰티 PB브랜드 국내 퍼포먼스 마케팅 (2~3년 이상),54355,달링커뮤니케이션,regular,,,한국,서울,"송파구 올림픽로 300 (신천동, 롯데월드타워앤드롯데월드몰)","￦1,000,000","￦500,000","￦500,000",마케팅·광고,퍼포먼스 마케터;마케터,https://www.wanted.co.kr/wd/370959?client_id=x7eN3AyKUtFUcR2WIUFbWYfS
370960,active,이너뷰티 PB브랜드 국내 온라인 MD (2년 이상),54355,달링커뮤니케이션,regular,,,한국,서울,"송파구 올림픽로 300 (신천동, 롯데월드타워앤드롯데월드몰)","￦1,000,000","￦500,000","￦500,000",고객서비스·리테일,리테일 MD;MD,https://www.wanted.co.kr/wd/370960?client_id=x7eN3AyKUtFUcR2WIUFbWYfS
374627,active,AI Pre-Sales Manager,3033,올거나이즈코리아(Allganize Korea),regular,,,한국,서울,"서울시 강남구 테헤란로20길 5, 양화타워 4층, 5층","￦1,000,000","￦500,000","￦500,000",영업,기술영업;솔루션 컨설턴트;세일즈 엔지니어,https://www.wanted.co.kr/wd/374627?client_id=x7eN3AyKUtFUcR2WIUFbWYfS
370254,active,콘텐츠 프로듀서 [디자인/크리에이티브 교육],1939,코드잇(codeit),regular,,,한국,서울,중구 청계천로 100 시그니쳐타워 동관 10층,"￦1,000,000","￦500,000","￦500,000",디자인,"그래픽 디자이너;UI,GUI 디자이너;UX 디자이너",https://www.wanted.co.kr/wd/370254?client_id=x7eN3AyKUtFUcR2WIUFbWYfS
218263,active,콘텐츠 프로듀서 [AI 엔지니어링 교육],1939,코드잇(codeit),regular,,,한국,서울,중구 청계천로 100 시그니쳐타워 동관 10층,"￦1,000,000","￦500,000","￦500,000",개발,머신러닝 엔지니어,https://www.wanted.co.kr/wd/218263?client_id=x7eN3AyKUtFUcR2WIUFbWYfS
356885,active,마케팅 매니저 (신사업),1939,코드잇(codeit),regular,,,한국,서울,중구 청계천로 100 시그니쳐타워 동관 10층,"￦1,000,000","￦500,000","￦500,000",마케팅·광고,퍼포먼스 마케터;콘텐츠 마케터;마케팅 전략 기획자,https://www.wanted.co.kr/wd/356885?client_id=x7eN3AyKUtFUcR2WIUFbWYfS
297845,active,프로덕트 매니저(PM),1939,코드잇(codeit),regular,,,한국,서울,중구 청계천로 100 시그니쳐타워 동관 10층,"￦1,000,000","￦500,000","￦500,000",경영·비즈니스,서비스 기획자;PM·PO,https://www.wanted.co.kr/wd/297845?client_id=x7eN3AyKUtFUcR2WIUFbWYfS
345100,active,강사 [AX 교육],1939,코드잇(codeit),regular,,,한국,서울,중구 청계천로 100 시그니쳐타워 동관 10층,"￦1,000,000","￦500,000","￦500,000",교육,전문강사,https://www.wanted.co.kr/wd/345100?client_id=x7eN3AyKUtFUcR2WIUFbWYfS
343503,active,리크루터 (계약직),1939,코드잇(codeit),contract,,,한국,서울,중구 청계천로 100 시그니쳐타워 동관 10층,"￦200,000","￦100,000","￦100,000",HR,인사담당;리크루터,https://www.wanted.co.kr/wd/343503?client_id=x7eN3AyKUtFUcR2WIUFbWYfS
343451,active,[인턴] 리크루터,1939,코드잇(codeit),intern,,,한국,서울,중구 청계천로 100 시그니쳐타워 동관 10층,"￦1,000,000","￦500,000","￦500,000",HR,인사담당;리크루터,https://www.wanted.co.kr/wd/343451?client_id=x7eN3AyKUtFUcR2WIUFbWYfS
347993,active,[인턴] 교육 운영 (부트캠프),1939,코드잇(codeit),intern,,,한국,서울,중구 청계천로 100 시그니쳐타워 동관 10층,"￦1,000,000","￦500,000","￦500,000",경영·비즈니스,운영 매니저,https://www.wanted.co.kr/wd/347993?client_id=x7eN3AyKUtFUcR2WIUFbWYfS
374898,active,[국내] 인플루언서 마케팅 AE,10852,피처링(FeaturingCorp.),regular,,,한국,서울,"서울 강남구 강남대로94길 10, 케이스퀘어 10층","￦1,000,000","￦500,000","￦500,000",마케팅·광고,마케터,https://www.wanted.co.kr/wd/374898?client_id=x7eN3AyKUtFUcR2WIUFbWYfS
374791,active,재무 담당자 3년 이상,20337,씨이랩,regular,,,한국,서울,"서울특별시 강남구 언주로 617, 4층 씨이랩","￦1,000,000","￦500,000","￦500,000",경영·비즈니스,경영지원;회계·경리;자금담당,https://www.wanted.co.kr/wd/374791?client_id=x7eN3AyKUtFUcR2WIUFbWYfS
374788,active,생산직 담당자 (신입 가능),27704,슈프리마,contract,,2026-07-31,한국,경기,경기도 성남시 중원구 상대원동,"￦200,000","￦100,000","￦100,000",제조·생산,생산직 종사자,https://www.wanted.co.kr/wd/374788?client_id=x7eN3AyKUtFUcR2WIUFbWYfS
374777,active,사업 개발(BD) 매니저 - PG Partnerships & Catalog (5년),2375,윈큐브마케팅,regular,,2026-08-12,한국,서울,"서울특별시 서초구 방배로42길 61, 2층, 4층 (방배동, 빌딩7719)","￦1,000,000","￦500,000","￦500,000",경영·비즈니스,전략 기획자;사업개발·기획자;해외 사업개발·기획자,https://www.wanted.co.kr/wd/374777?client_id=x7eN3AyKUtFUcR2WIUFbWYfS
356453,active,[ESTsoft] 공시/거버넌스 담당자 (4년 이상),71,이스트소프트(ESTsoft),regular,,,한국,서울,서울특별시 서초구 반포대로 3 이스트빌딩,"￦1,000,000","￦500,000","￦500,000",경영·비즈니스,회계·경리;사무보조;조직관리,https://www.wanted.co.kr/wd/356453?client_id=x7eN3AyKUtFUcR2WIUFbWYfS
374783,active,AI Research Engineer,36329,나니아랩스,regular,,2026-12-31,한국,서울,"서울 마포구 백범로31길 21, 서울창업허브 409호","￦1,000,000","￦500,000","￦500,000",개발,머신러닝 엔지니어,https://www.wanted.co.kr/wd/374783?client_id=x7eN3AyKUtFUcR2WIUFbWYfS
362436,active,[아정당 서울] HR Generalist (HRM/HRD) 미들급,28564,아정네트웍스,regular,,,한국,서울,"서울 강남구 테헤란로 124, 7층","￦1,000,000","￦500,000","￦500,000",HR,HRD;인사담당;리크루터,https://www.wanted.co.kr/wd/362436?client_id=x7eN3AyKUtFUcR2WIUFbWYfS
374795,active,[인턴] 브랜드 & 캠페인 마케팅 (전환형),6073,링글잉글리시에듀케이션서비스,intern,,,한국,서울,"서울 강남구 테헤란로38길 8, 6층","￦1,000,000","￦500,000","￦500,000",마케팅·광고,콘텐츠 마케터;마케터,https://www.wanted.co.kr/wd/374795?client_id=x7eN3AyKUtFUcR2WIUFbWYfS
374793,active,[인턴] Tutor Growth (전환형),6073,링글잉글리시에듀케이션서비스,intern,foreigner,,한국,서울,"서울 강남구 테헤란로38길 8, 6층","￦1,000,000","￦500,000","￦500,000",마케팅·광고,글로벌 마케팅;마케터;마케팅 전략 기획자,https://www.wanted.co.kr/wd/374793?client_id=x7eN3AyKUtFUcR2WIUFbWYfS
374796,active,[인턴] Software Engineer - Full Stack (전환형),6073,링글잉글리시에듀케이션서비스,intern,,,한국,서울,"서울 강남구 테헤란로38길 8, 6층","￦1,000,000","￦500,000","￦500,000",개발,프론트엔드 개발자;소프트웨어 엔지니어,https://www.wanted.co.kr/wd/374796?client_id=x7eN3AyKUtFUcR2WIUFbWYfS
370440,active,뷰티 브랜드 글로벌마케터,20709,아멜리글로벌,regular,,,한국,서울,2호선 성수역 인근,"￦1,000,000","￦500,000","￦500,000",마케팅·광고,글로벌 마케팅,https://www.wanted.co.kr/wd/370440?client_id=x7eN3AyKUtFUcR2WIUFbWYfS
323181,active,Product Manager - Global In-store Payment,23419,씨제이올리브영(CJ올리브영),regular,foreigner,,한국,서울,"서울특별시 용산구 한강대로 372, 24층 ","￦1,000,000","￦500,000","￦500,000",경영·비즈니스,사업개발·기획자;서비스 기획자;PM·PO,https://www.wanted.co.kr/wd/323181?client_id=x7eN3AyKUtFUcR2WIUFbWYfS
374787,active,글로벌 발주 프로세스 운영 담당자,23419,씨제이올리브영(CJ올리브영),regular,,,한국,서울,"서울특별시 용산구 한강대로 372, 24층 ","￦1,000,000","￦500,000","￦500,000",물류·무역,유통 관리자;물류담당,https://www.wanted.co.kr/wd/374787?client_id=x7eN3AyKUtFUcR2WIUFbWYfS
374893,active,"[세일즈] KR Channel Team - MD(네이버, 카카오)",27713,에프앤엘코퍼레이션,regular,,,한국,서울,"서울 영등포구 영등포로 150, 생각공장 당산 C동 14층","￦1,000,000","￦500,000","￦500,000",고객서비스·리테일,MD,https://www.wanted.co.kr/wd/374893?client_id=x7eN3AyKUtFUcR2WIUFbWYfS
315502,active,QA (C2C),1422,센트비(Sentbe),regular,,2026-07-21,한국,서울,"서울 영등포구 여의대로 70, ONE CENTINEL 8F","￦1,000,000","￦500,000","￦500,000",개발,"QA,테스트 엔지니어",https://www.wanted.co.kr/wd/315502?client_id=x7eN3AyKUtFUcR2WIUFbWYfS
374779,active,AI Solution Engineer,36329,나니아랩스,regular,,2026-12-31,한국,서울,"서울 마포구 백범로31길 21, 서울창업허브 409호","￦1,000,000","￦500,000","￦500,000",개발,데이터 사이언티스트;머신러닝 엔지니어,https://www.wanted.co.kr/wd/374779?client_id=x7eN3AyKUtFUcR2WIUFbWYfS
370248,active,AI Project Manager,3487,애자일소다,regular,,2026-07-31,한국,서울,서울시 강남구 선릉로 525 인포스톰빌딩 3층,"￦1,000,000","￦500,000","￦500,000",경영·비즈니스,PM·PO,https://www.wanted.co.kr/wd/370248?client_id=x7eN3AyKUtFUcR2WIUFbWYfS
342295,active,Corridor Marketer (PH),1422,센트비(Sentbe),regular,foreigner,2026-07-21,한국,서울,"서울 영등포구 여의대로 70, ONE CENTINEL 8F","￦1,000,000","￦500,000","￦500,000",마케팅·광고,글로벌 마케팅,https://www.wanted.co.kr/wd/342295?client_id=x7eN3AyKUtFUcR2WIUFbWYfS
330352,active,프로덕트 매니저 / 오너 (PdM·PO),54658,지비소프트,regular,,,한국,서울,"서울 강남구 테헤란로 423, 11층, 지비소프트","￦1,000,000","￦500,000","￦500,000",개발,개발 매니저,https://www.wanted.co.kr/wd/330352?client_id=x7eN3AyKUtFUcR2WIUFbWYfS
374775,active,화장품 원료 구매팀 담당자 7년 이상,32742,다미화학,regular,,,한국,서울,"서울 금천구 가산디지털2로 95, 803호","￦1,000,000","￦500,000","￦500,000",경영·비즈니스,구매담당,https://www.wanted.co.kr/wd/374775?client_id=x7eN3AyKUtFUcR2WIUFbWYfS
374774,active,[포에버의원] SNS 콘텐츠 마케터,52101,포에버파트너스,regular,,,한국,서울,"서울 강남구 논현로142길 11, 3층 포에버 파트너스","￦1,000,000","￦500,000","￦500,000",마케팅·광고,콘텐츠 마케터,https://www.wanted.co.kr/wd/374774?client_id=x7eN3AyKUtFUcR2WIUFbWYfS
374772,active,[쿠팡] HVA 중/소형 광고영업 담당자 (신입/주니어),53,쿠팡,regular,,2026-08-14,한국,서울,"서울 광진구 아차산로 412, 이스트폴 타워 A, EP Tower (East Pole Tower)","￦1,000,000","￦500,000","￦500,000",영업,주요고객사 담당자;미디어 세일즈;솔루션 컨설턴트,https://www.wanted.co.kr/wd/374772?client_id=x7eN3AyKUtFUcR2WIUFbWYfS
372719,active,오믹스 기술영업(컨설팅) 및 사업개발(BD) 담당자,53557,디코드셀(DecodeCell),regular,,,한국,서울,"서울 금천구 가산디지털1로 128, STXV타워 11층 1106호","￦1,000,000","￦500,000","￦500,000",의료·제약·바이오,연구원;생명공학 연구원,https://www.wanted.co.kr/wd/372719?client_id=x7eN3AyKUtFUcR2WIUFbWYfS
374770,active,GTM엔지니어 3년 이상,32125,딥세일즈,regular,,,한국,서울,"서울 강남구 테헤란로 503, 12층","￦1,000,000","￦500,000","￦500,000",개발,서버 개발자;소프트웨어 엔지니어;데이터 엔지니어,https://www.wanted.co.kr/wd/374770?client_id=x7eN3AyKUtFUcR2WIUFbWYfS
374888,active,개인정보보호 담당자,17956,크림(KREAM),regular,,,한국,경기,"경기도 성남시 분당구 분당내곡로 131, 테크원타워 7층","￦1,000,000","￦500,000","￦500,000",정보보호,개인정보 담당자;정보보호 담당자,https://www.wanted.co.kr/wd/374888?client_id=x7eN3AyKUtFUcR2WIUFbWYfS
374771,active,[인턴] GTM엔지니어,32125,딥세일즈,intern,,,한국,서울,"서울 강남구 테헤란로 503, 12층","￦1,000,000","￦500,000","￦500,000",개발,데이터 사이언티스트;데이터 엔지니어,https://www.wanted.co.kr/wd/374771?client_id=x7eN3AyKUtFUcR2WIUFbWYfS
298925,active,[Platform] 프론트엔드 웹 개발,36,베이글코드(Bagelcode),regular,,,한국,서울,서울특별시 강남구 테헤란로328 (역삼동 708-1) 동우빌딩 16층,"￦1,000,000","￦500,000","￦500,000",개발,웹 개발자;프론트엔드 개발자,https://www.wanted.co.kr/wd/298925?client_id=x7eN3AyKUtFUcR2WIUFbWYfS
369779,active,[CX팀] 일본사업부 CX Manager,2623,메디쿼터스,regular,,,한국,서울,"서울 강남구 논현동 221-5, 엠빌딩 3층","￦1,000,000","￦500,000","￦500,000",고객서비스·리테일,CS 어드바이저;CS 매니저,https://www.wanted.co.kr/wd/369779?client_id=x7eN3AyKUtFUcR2WIUFbWYfS
374581,active,풀스택 개발자 (5년 이상),50965,에브리심,regular,,2026-07-24,한국,서울,서울 구로구 디지털로32길 55,"￦1,000,000","￦500,000","￦500,000",개발,"C,C++ 개발자;프론트엔드 개발자;Node.js 개발자",https://www.wanted.co.kr/wd/374581?client_id=x7eN3AyKUtFUcR2WIUFbWYfS
374768,active,Edge AI 기반 스마트센서 펌웨어 개발 3년 이상,52429,케이씨티이엔씨,regular,,,한국,서울,"서울 금천구 가산디지털1로 30, 606호","￦1,000,000","￦500,000","￦500,000",개발,임베디드 개발자,https://www.wanted.co.kr/wd/374768?client_id=x7eN3AyKUtFUcR2WIUFbWYfS
374887,active,AI service Backend Engineer,3487,애자일소다,regular,,2026-08-31,한국,서울,서울시 강남구 선릉로 525 인포스톰빌딩 3층,"￦1,000,000","￦500,000","￦500,000",개발,파이썬 개발자;자바 개발자,https://www.wanted.co.kr/wd/374887?client_id=x7eN3AyKUtFUcR2WIUFbWYfS
374880,active,[인턴] 콘텐츠·인플루언서 마케팅,58155,누닷,intern,,,한국,서울,"서울 강남구 봉은사로 129, 1507호","￦1,000,000","￦500,000","￦500,000",마케팅·광고,소셜 마케터;콘텐츠 마케터;마케터,https://www.wanted.co.kr/wd/374880?client_id=x7eN3AyKUtFUcR2WIUFbWYfS
272377,active,"디지털, 콘텐츠 마케팅 AE/PM (1~6년차)",52397,블루비임팩트,regular,,,한국,서울,서울 광진구 광나루로 441,"￦1,000,000","￦500,000","￦500,000",마케팅·광고,콘텐츠 마케터;브랜드 마케터;광고 기획자(AE),https://www.wanted.co.kr/wd/272377?client_id=x7eN3AyKUtFUcR2WIUFbWYfS
374763,active,경영지원 실무 담당자 (2년~7년),11881,래브라도랩스,regular,,2026-07-31,한국,서울,"서울특별시 서초구 반포대로 20, 3,4층","￦1,000,000","￦500,000","￦500,000",경영·비즈니스,경영지원;총무;회계·경리,https://www.wanted.co.kr/wd/374763?client_id=x7eN3AyKUtFUcR2WIUFbWYfS
374886,active,뷰티 해외영업(B2B),21335,오유인터내셔널,regular,,,한국,서울,서울특별시 성동구 살곶이길 346,"￦1,000,000","￦500,000","￦500,000",영업,기술영업;해외영업;기업영업,https://www.wanted.co.kr/wd/374886?client_id=x7eN3AyKUtFUcR2WIUFbWYfS
374762,active,임상팀 팀장,1509,스카이랩스(SkyLabs),regular,,,한국,경기,"성남시 분당구 판교로 255번길 58, 씨즈타워 703호","￦1,000,000","￦500,000","￦500,000",의료·제약·바이오,임상시험 간호사;임상시험 연구원,https://www.wanted.co.kr/wd/374762?client_id=x7eN3AyKUtFUcR2WIUFbWYfS
374776,active,임상데이터 분석가 / 메디컬 라이터,1509,스카이랩스(SkyLabs),regular,,,한국,경기,"성남시 분당구 판교로 255번길 58, 씨즈타워 703호","￦1,000,000","￦500,000","￦500,000",의료·제약·바이오,임상시험 간호사;임상시험 연구원,https://www.wanted.co.kr/wd/374776?client_id=x7eN3AyKUtFUcR2WIUFbWYfS
374760,active,국내 기술영업 마케터 (영업지원 담당),1509,스카이랩스(SkyLabs),regular,,,한국,경기,"성남시 분당구 판교로 255번길 58, 씨즈타워 703호","￦1,000,000","￦500,000","￦500,000",영업,주요고객사 담당자;기술영업;의료기기 영업,https://www.wanted.co.kr/wd/374760?client_id=x7eN3AyKUtFUcR2WIUFbWYfS
374784,active,임상연구 운영 담당자 / CRA 어시스턴트,1509,스카이랩스(SkyLabs),regular,,,한국,경기,"성남시 분당구 판교로 255번길 58, 씨즈타워 703호","￦1,000,000","￦500,000","￦500,000",의료·제약·바이오,임상시험 간호사;연구원;임상시험 연구원,https://www.wanted.co.kr/wd/374784?client_id=x7eN3AyKUtFUcR2WIUFbWYfS
370366,active,구매담당자,1509,스카이랩스(SkyLabs),regular,,,한국,경기,"성남시 분당구 판교로 255번길 58, 씨즈타워 703호","￦1,000,000","￦500,000","￦500,000",물류·무역,물류담당,https://www.wanted.co.kr/wd/370366?client_id=x7eN3AyKUtFUcR2WIUFbWYfS
374757,active,"홈 컨시어지 매니저 (고객관리·상담, 3년 이상)",9756,마이스터즈,regular,,,한국,서울,"서울 서초구 양재대로12길 56, 605호","￦1,000,000","￦500,000","￦500,000",고객서비스·리테일,CS 매니저;리셉션;서비스 운영,https://www.wanted.co.kr/wd/374757?client_id=x7eN3AyKUtFUcR2WIUFbWYfS
373300,active,소프트웨어 개발자 (주니어) — AI Agent · 데이터 애플리케이션,28993,코너스톤파트너스디지털,regular,,,한국,서울,"서울시 강남구 테헤란로87길 22, 507호 ","￦1,000,000","￦500,000","￦500,000",개발,서버 개발자;머신러닝 엔지니어;프론트엔드 개발자,https://www.wanted.co.kr/wd/373300?client_id=x7eN3AyKUtFUcR2WIUFbWYfS
374881,active,솔루션 유지보수,36954,휴머스온,regular,,,한국,서울,"서울 강남구 언주로 535, 휴머스온빌딩 10~14층","￦1,000,000","￦500,000","￦500,000",개발,기술지원;자바 개발자,https://www.wanted.co.kr/wd/374881?client_id=x7eN3AyKUtFUcR2WIUFbWYfS
374884,active,RAG/Data 엔지니어,3487,애자일소다,regular,,2026-08-31,한국,서울,서울시 강남구 선릉로 525 인포스톰빌딩 3층,"￦1,000,000","￦500,000","￦500,000",개발,데이터 엔지니어,https://www.wanted.co.kr/wd/374884?client_id=x7eN3AyKUtFUcR2WIUFbWYfS
366848,active,[어덴비] 뷰티 브랜드 온라인 MD (신입~2년),52090,엠와이오(어덴비),regular,,,한국,서울,"서울 강남구 봉은사로26길 12, 자운빌딩 3층","￦1,000,000","￦500,000","￦500,000",고객서비스·리테일,MD,https://www.wanted.co.kr/wd/366848?client_id=x7eN3AyKUtFUcR2WIUFbWYfS
374878,active,Product Designer,540,코인원(coinone),regular,,,한국,서울,"서울 영등포구 여의대로 108, 45층","￦1,000,000","￦500,000","￦500,000",디자인,"UI,GUI 디자이너;UX 디자이너",https://www.wanted.co.kr/wd/374878?client_id=x7eN3AyKUtFUcR2WIUFbWYfS
336062,active,프론트엔드 개발자,30139,이자,regular,,,한국,서울,서울 영등포구 의사당대로 83,"￦1,000,000","￦500,000","￦500,000",개발,웹 개발자;프론트엔드 개발자;소프트웨어 엔지니어,https://www.wanted.co.kr/wd/336062?client_id=x7eN3AyKUtFUcR2WIUFbWYfS
336066,active,백엔드 개발자,30139,이자,regular,,,한국,서울,서울 영등포구 의사당대로 83,"￦1,000,000","￦500,000","￦500,000",개발,파이썬 개발자;Node.js 개발자,https://www.wanted.co.kr/wd/336066?client_id=x7eN3AyKUtFUcR2WIUFbWYfS
374378,active,소셜 콘텐츠 기획자 (신입),15685,더블유캠프,regular,foreigner,,한국,서울,서울특별시 중구 한강대로 416 서울스퀘어 13층 ,"￦1,000,000","￦500,000","￦500,000",마케팅·광고,소셜 마케터;콘텐츠 마케터;카피라이터,https://www.wanted.co.kr/wd/374378?client_id=x7eN3AyKUtFUcR2WIUFbWYfS
374370,active,광고 AE (신입),15685,더블유캠프,regular,foreigner,,한국,서울,서울특별시 중구 한강대로 416 서울스퀘어 13층 ,"￦1,000,000","￦500,000","￦500,000",마케팅·광고,브랜드 마케터;글로벌 마케팅;마케팅 전략 기획자,https://www.wanted.co.kr/wd/374370?client_id=x7eN3AyKUtFUcR2WIUFbWYfS
374375,active,광고 AE (2년 이상),15685,더블유캠프,regular,foreigner,,한국,서울,서울특별시 중구 한강대로 416 서울스퀘어 13층 ,"￦1,000,000","￦500,000","￦500,000",마케팅·광고,광고 기획자(AE);글로벌 마케팅;마케팅 전략 기획자,https://www.wanted.co.kr/wd/374375?client_id=x7eN3AyKUtFUcR2WIUFbWYfS
366929,active,로보틱스 시스템(어플리케이션) 엔지니어,3809,씨드로닉스,regular,alternative_military;foreigner,,한국,서울,"서울 강남구 테헤란로 317, 18층","￦1,000,000","￦500,000","￦500,000",개발,"C,C++ 개발자;개발 매니저",https://www.wanted.co.kr/wd/366929?client_id=x7eN3AyKUtFUcR2WIUFbWYfS
109188,active,백엔드/서버 개발자,1602,넛지헬스케어(캐시워크),regular,,,한국,서울,서울특별시 강남구 역삼로1길 8,"￦1,000,000","￦500,000","￦500,000",개발,서버 개발자;Node.js 개발자,https://www.wanted.co.kr/wd/109188?client_id=x7eN3AyKUtFUcR2WIUFbWYfS
374758,active,Key Account Manager,1509,스카이랩스(SkyLabs),regular,,,한국,경기,"성남시 분당구 판교로 255번길 58, 씨즈타워 703호","￦1,000,000","￦500,000","￦500,000",마케팅·광고,마켓 리서처;마케팅 전략 기획자,https://www.wanted.co.kr/wd/374758?client_id=x7eN3AyKUtFUcR2WIUFbWYfS
374369,active,하드웨어 임베디드 엔지니어,58013,햅티,regular,foreigner,,한국,서울,"서울 용산구 청파로 77, 원효전자상가 6동","￦1,000,000","￦500,000","￦500,000",개발,임베디드 개발자,https://www.wanted.co.kr/wd/374369?client_id=x7eN3AyKUtFUcR2WIUFbWYfS
363269,active,유럽 B2B 영업 담당자,49708,서린컴퍼니,regular,,,한국,서울,"서울 강남구 언주로 541, 2층","￦1,000,000","￦500,000","￦500,000",영업,주요고객사 담당자;영업 관리자;해외영업,https://www.wanted.co.kr/wd/363269?client_id=x7eN3AyKUtFUcR2WIUFbWYfS
371946,active,해외마케터(아시아),49708,서린컴퍼니,regular,,,한국,강원,"강원특별자치도 춘천시 동면 만천로 51, 2층","￦1,000,000","￦500,000","￦500,000",마케팅·광고,글로벌 마케팅;마케터,https://www.wanted.co.kr/wd/371946?client_id=x7eN3AyKUtFUcR2WIUFbWYfS
373628,active,MD/AMD,49708,서린컴퍼니,regular,,,한국,강원,"강원특별자치도 춘천시 동면 춘천순환로 361, 서린컴퍼니(주)","￦1,000,000","￦500,000","￦500,000",고객서비스·리테일,MD,https://www.wanted.co.kr/wd/373628?client_id=x7eN3AyKUtFUcR2WIUFbWYfS
369073,active,아마존 MD (UK UAE),49708,서린컴퍼니,regular,,,한국,서울,"서울 강남구 언주로 541, 2층","￦1,000,000","￦500,000","￦500,000",마케팅·광고,마케터,https://www.wanted.co.kr/wd/369073?client_id=x7eN3AyKUtFUcR2WIUFbWYfS
372639,active,쇼피 동남아 MD,49708,서린컴퍼니,regular,,,한국,서울,"서울 강남구 언주로 541, 2층","￦1,000,000","￦500,000","￦500,000",고객서비스·리테일,MD,https://www.wanted.co.kr/wd/372639?client_id=x7eN3AyKUtFUcR2WIUFbWYfS
372643,active,틱톡샵 MD,49708,서린컴퍼니,regular,,,한국,서울,"서울 강남구 언주로 541, 2층","￦1,000,000","￦500,000","￦500,000",마케팅·광고,퍼포먼스 마케터;글로벌 마케팅;마케터,https://www.wanted.co.kr/wd/372643?client_id=x7eN3AyKUtFUcR2WIUFbWYfS
374876,active,AI Agent Engineer,3487,애자일소다,regular,,2026-08-31,한국,서울,서울시 강남구 선릉로 525 인포스톰빌딩 3층,"￦1,000,000","￦500,000","￦500,000",개발,머신러닝 엔지니어;파이썬 개발자,https://www.wanted.co.kr/wd/374876?client_id=x7eN3AyKUtFUcR2WIUFbWYfS
374747,active,백엔드 개발자 (주니어),42533,파일러니어,regular,,,한국,서울,"서울 관악구 신림로 273, 201호","￦1,000,000","￦500,000","￦500,000",개발,DevOps / 시스템 관리자;파이썬 개발자,https://www.wanted.co.kr/wd/374747?client_id=x7eN3AyKUtFUcR2WIUFbWYfS
334066,active,스킨케어 글로벌 이커머스 MD (일본),46939,디마프,regular,foreigner,,한국,서울,"서울 서초구 서초대로77길 17, 1216호","￦1,000,000","￦500,000","￦500,000",고객서비스·리테일,리테일 MD,https://www.wanted.co.kr/wd/334066?client_id=x7eN3AyKUtFUcR2WIUFbWYfS
349025,active,스킨케어 글로벌 이커머스 MD (북미),46939,디마프,regular,foreigner,,한국,서울,"서울 서초구 서초대로77길 17, 1216호","￦1,000,000","￦500,000","￦500,000",고객서비스·리테일,리테일 MD;MD,https://www.wanted.co.kr/wd/349025?client_id=x7eN3AyKUtFUcR2WIUFbWYfS
371564,active,그로스 마케터,8607,알파브라더스,contract,,,한국,서울,"서울 강서구 공항대로45길 71, 씨에이치빌딩 3층","￦200,000","￦100,000","￦100,000",마케팅·광고,마케팅 전략 기획자,https://www.wanted.co.kr/wd/371564?client_id=x7eN3AyKUtFUcR2WIUFbWYfS
374738,active,카테고리 매니저(MD),1989,지바이크(gbike),regular,,,한국,서울,"강남구 테헤란로4길 28, 12층","￦1,000,000","￦500,000","￦500,000",영업,영업 관리자,https://www.wanted.co.kr/wd/374738?client_id=x7eN3AyKUtFUcR2WIUFbWYfS
374734,active,전략 채널 MD,34959,고차원,regular,,,한국,서울,"서울 강남구 논현로87길 25, HB빌딩 8층","￦1,000,000","￦500,000","￦500,000",영업,주요고객사 담당자;영업 관리자,https://www.wanted.co.kr/wd/374734?client_id=x7eN3AyKUtFUcR2WIUFbWYfS
374729,active,파넬/그로우어스 퍼포먼스광고팀 퍼포먼스마케팅 디자이너,12230,일레븐코퍼레이션,regular,,,한국,서울,서울특별시 중구 남대문로 78 명동 타임워크빌딩 5층,"￦1,000,000","￦500,000","￦500,000",마케팅·광고,퍼포먼스 마케터;마케터,https://www.wanted.co.kr/wd/374729?client_id=x7eN3AyKUtFUcR2WIUFbWYfS
374730,active,UX/UI 디자이너 (3년 이상 · Design Lead 트랙),58338,블루필드,regular,foreigner,,한국,서울,"서울 강남구 논현로145길 50, 1층","￦1,000,000","￦500,000","￦500,000",디자인,"UI,GUI 디자이너;UX 디자이너",https://www.wanted.co.kr/wd/374730?client_id=x7eN3AyKUtFUcR2WIUFbWYfS
373601,active,온라인 AMD,11735,아트라미,regular,,,한국,서울,"서울 중구 장충단로13길 20, 13층 주식회사 아트라미","￦1,000,000","￦500,000","￦500,000",고객서비스·리테일,리테일 MD;MD,https://www.wanted.co.kr/wd/373601?client_id=x7eN3AyKUtFUcR2WIUFbWYfS
370103,active,[인턴] [쇼포트] Product Engineer (Frontend),30423,레브잇,intern,,,한국,서울,"서울 관악구 남부순환로 1836, 7층, 8층","￦1,000,000","￦500,000","￦500,000",개발,프론트엔드 개발자,https://www.wanted.co.kr/wd/370103?client_id=x7eN3AyKUtFUcR2WIUFbWYfS
374686,active,파넬/그로우어스 퍼포먼스광고팀 영상 콘텐츠 마케터,12230,일레븐코퍼레이션,regular,,,한국,서울,서울특별시 중구 남대문로 78 명동 타임워크빌딩 5층,"￦1,000,000","￦500,000","￦500,000",마케팅·광고,콘텐츠 마케터,https://www.wanted.co.kr/wd/374686?client_id=x7eN3AyKUtFUcR2WIUFbWYfS
374723,active,파넬/그로우어스 퍼포먼스광고팀 퍼포먼스 마케터,12230,일레븐코퍼레이션,regular,,,한국,서울,서울특별시 중구 남대문로 78 명동 타임워크빌딩 5층,"￦1,000,000","￦500,000","￦500,000",마케팅·광고,퍼포먼스 마케터;마케터,https://www.wanted.co.kr/wd/374723?client_id=x7eN3AyKUtFUcR2WIUFbWYfS
369108,active,Infra/System Engineer,16783,콜로세움코퍼레이션,regular,,,한국,서울,"서울 강남구 영동대로 424, 3-4층","￦1,000,000","￦500,000","￦500,000",개발,"시스템,네트워크 관리자;데이터 엔지니어",https://www.wanted.co.kr/wd/369108?client_id=x7eN3AyKUtFUcR2WIUFbWYfS
365722,active,[인턴] Social Content Marketing,27024,넥스트챕터(NextChapter),intern,foreigner,,한국,서울,"서울시 성동구 성수일로 111, 선명스퀘어 14층","￦1,000,000","￦500,000","￦500,000",마케팅·광고,소셜 마케터;콘텐츠 마케터;글로벌 마케팅,https://www.wanted.co.kr/wd/365722?client_id=x7eN3AyKUtFUcR2WIUFbWYfS
374716,active,[인턴] 브랜드 전략 매니저 (뷰티/퍼스널케어),27024,넥스트챕터(NextChapter),intern,,,한국,서울,"서울시 성동구 성수일로 111, 선명스퀘어 14층","￦1,000,000","￦500,000","￦500,000",경영·비즈니스,상품기획자(BM);운영 매니저;전략 기획자,https://www.wanted.co.kr/wd/374716?client_id=x7eN3AyKUtFUcR2WIUFbWYfS
374358,active,글로벌 뷰티 브랜드 대만홍콩팀 인플루언서 마케터,12230,일레븐코퍼레이션,contract,,,한국,서울,서울특별시 중구 남대문로 78 명동 타임워크빌딩 5층,"￦200,000","￦100,000","￦100,000",마케팅·광고,소셜 마케터;글로벌 마케팅;마케터,https://www.wanted.co.kr/wd/374358?client_id=x7eN3AyKUtFUcR2WIUFbWYfS
374714,active,B2B 프론트 영업 5~10년,43161,리베이션,regular,foreigner,2026-09-13,한국,서울,"서울 강서구 마곡중앙로 143, TOWER B 3층 301호","￦1,000,000","￦500,000","￦500,000",영업,기술영업;해외영업;기업영업,https://www.wanted.co.kr/wd/374714?client_id=x7eN3AyKUtFUcR2WIUFbWYfS
374710,active,[Branden/EQQUALBERRY] Recruiting Manager,18833,부스터스,regular,,,한국,서울,"서울 강남구 논현로 508, GS타워 7층 부스터스","￦1,000,000","￦500,000","￦500,000",HR,헤드헌터;리크루터,https://www.wanted.co.kr/wd/374710?client_id=x7eN3AyKUtFUcR2WIUFbWYfS
374703,active,스킨케어 제품개발 매니저 (PM),56453,샘린뷰티,regular,foreigner,2026-10-13,한국,서울,"서울 강남구 영동대로 511, 트레이드타워 2501호","￦1,000,000","￦500,000","￦500,000",경영·비즈니스,상품기획자(BM);PM·PO,https://www.wanted.co.kr/wd/374703?client_id=x7eN3AyKUtFUcR2WIUFbWYfS
363151,active,Brand Marketer,179,버킷플레이스(오늘의집),regular,,,한국,서울,"서울 서초구 서초대로74길 4, 21층, 25층, 27층","￦1,000,000","￦500,000","￦500,000",마케팅·광고,브랜드 마케터,https://www.wanted.co.kr/wd/363151?client_id=x7eN3AyKUtFUcR2WIUFbWYfS
234466,active,백엔드 개발자,49984,스튜디오키코,regular,,,한국,서울,"서울 성동구 왕십리로 137, 119동 공공청사 1층","￦1,000,000","￦500,000","￦500,000",개발,서버 개발자;파이썬 개발자;소프트웨어 엔지니어,https://www.wanted.co.kr/wd/234466?client_id=x7eN3AyKUtFUcR2WIUFbWYfS
374696,active,글로벌 해외 마케터 (헤드급),30998,팝성형외과의원,regular,foreigner,,한국,서울,강남구 논현로 837,"￦1,000,000","￦500,000","￦500,000",마케팅·광고,"CMO,Chief Marketing Officer;글로벌 마케팅;마케팅 전략 기획자",https://www.wanted.co.kr/wd/374696?client_id=x7eN3AyKUtFUcR2WIUFbWYfS
374698,active,안면 리프팅 성형 마케터 (헤드급),30998,팝성형외과의원,regular,,,한국,서울,강남구 논현로 837,"￦1,000,000","￦500,000","￦500,000",마케팅·광고,"퍼포먼스 마케터;CMO,Chief Marketing Officer;마케팅 전략 기획자",https://www.wanted.co.kr/wd/374698?client_id=x7eN3AyKUtFUcR2WIUFbWYfS
374699,active,Senior Software Engineer (웹 개발 / 책임급),3275,비누랩스,regular,,2026-08-31,한국,서울,"서울 마포구 양화로 45, 21층","￦1,000,000","￦500,000","￦500,000",개발,서버 개발자;웹 개발자;Node.js 개발자,https://www.wanted.co.kr/wd/374699?client_id=x7eN3AyKUtFUcR2WIUFbWYfS
374682,active,프론트엔드 개발자 (육아휴직대체),24347,트루밸류,contract,,,한국,대전,대전광역시 서구 신갈마로127번길 9,"￦200,000","￦100,000","￦100,000",개발,서버 개발자;프론트엔드 개발자;크로스플랫폼 앱 개발자,https://www.wanted.co.kr/wd/374682?client_id=x7eN3AyKUtFUcR2WIUFbWYfS
374701,active,백엔드 개발자 (육아휴직대체),24347,트루밸류,contract,,,한국,대전,대전광역시 서구 신갈마로127번길 9,"￦200,000","￦100,000","￦100,000",개발,서버 개발자;프론트엔드 개발자;크로스플랫폼 앱 개발자,https://www.wanted.co.kr/wd/374701?client_id=x7eN3AyKUtFUcR2WIUFbWYfS
374702,active,풀스택 개발자 (육아휴직대체),24347,트루밸류,contract,,,한국,대전,대전광역시 서구 신갈마로127번길 9,"￦200,000","￦100,000","￦100,000",개발,서버 개발자;프론트엔드 개발자;크로스플랫폼 앱 개발자,https://www.wanted.co.kr/wd/374702?client_id=x7eN3AyKUtFUcR2WIUFbWYfS
374316,active,게임개발본부 퍼즐팀 게임 UI 디자이너,74,넵튠(Neptune),regular,,,한국,서울,"서울 강남구 언주로 428, 엔데버타워역삼 9F~15F","￦1,000,000","￦500,000","￦500,000",디자인,"그래픽 디자이너;UI,GUI 디자이너;UX 디자이너",https://www.wanted.co.kr/wd/374316?client_id=x7eN3AyKUtFUcR2WIUFbWYfS
307483,active,MLOps Engineer (전문연구요원 가능),341,소크라에이아이,regular,,,한국,서울,"서울 강남구 테헤란로 424, 2, 19층","￦1,000,000","￦500,000","￦500,000",개발,머신러닝 엔지니어,https://www.wanted.co.kr/wd/307483?client_id=x7eN3AyKUtFUcR2WIUFbWYfS
374695,active,생성형 AI 영상 크리에이터,54850,동동컴퍼니,regular,,,한국,서울,"서울 성동구 연무장5가길 25, 1306-1","￦1,000,000","￦500,000","￦500,000",디자인,"영상,모션 디자이너;콘텐츠 디자이너",https://www.wanted.co.kr/wd/374695?client_id=x7eN3AyKUtFUcR2WIUFbWYfS
374693,active,운영팀 팀장(해외 Tech Support 이슈 관리),20818,코어라인소프트,regular,foreigner,,한국,서울,"서울 마포구 동교로19길 12, 코어라인소프트","￦1,000,000","￦500,000","￦500,000",개발,기술지원,https://www.wanted.co.kr/wd/374693?client_id=x7eN3AyKUtFUcR2WIUFbWYfS
327899,active,AI Research Scientist (전문연구요원 가능),341,소크라에이아이,regular,,,한국,서울,"서울 강남구 테헤란로 424, 2, 19층","￦1,000,000","￦500,000","￦500,000",개발,데이터 사이언티스트;빅데이터 엔지니어,https://www.wanted.co.kr/wd/327899?client_id=x7eN3AyKUtFUcR2WIUFbWYfS
353709,active,Product Manager(E-commerce),15155,쉐어트리츠,regular,,2026-08-20,한국,서울,서울 강남구 테헤란로 142 ARC PLACE 위워크 역삼점 5층,"￦1,000,000","￦500,000","￦500,000",경영·비즈니스,서비스 기획자,https://www.wanted.co.kr/wd/353709?client_id=x7eN3AyKUtFUcR2WIUFbWYfS
374869,active,IP 마케터,8981,콜리,regular,,,한국,서울,강남구 논현로 709 5층 ,"￦1,000,000","￦500,000","￦500,000",마케팅·광고,콘텐츠 마케터;브랜드 마케터;마케팅 전략 기획자,https://www.wanted.co.kr/wd/374869?client_id=x7eN3AyKUtFUcR2WIUFbWYfS
374867,active,브랜드의 성장을 함께 만드는 디지털마케팅 AE,49391,스튜디오그로우,regular,,,한국,서울,"서울 송파구 백제고분로12길 13, 환우빌딩 302호","￦1,000,000","￦500,000","￦500,000",마케팅·광고,콘텐츠 마케터;광고 기획자(AE),https://www.wanted.co.kr/wd/374867?client_id=x7eN3AyKUtFUcR2WIUFbWYfS
370055,active,[스팀(Steam)] UI/UX 디자이너,3382,111퍼센트,regular,,,한국,제주,"제주특별자치도 제주시 한림읍 옹포7길 25, 슈퍼패스트 제주","￦1,000,000","￦500,000","￦500,000",디자인,"UI,GUI 디자이너;UX 디자이너",https://www.wanted.co.kr/wd/370055?client_id=x7eN3AyKUtFUcR2WIUFbWYfS
370053,active,[스팀(Steam)] 2D 그래픽 디자이너,3382,111퍼센트,regular,,,한국,제주,"제주특별자치도 제주시 한림읍 옹포7길 25, 슈퍼패스트 제주","￦1,000,000","￦500,000","￦500,000",디자인,그래픽 디자이너,https://www.wanted.co.kr/wd/370053?client_id=x7eN3AyKUtFUcR2WIUFbWYfS
370052,active,[스팀(Steam)] 클라이언트 개발자,3382,111퍼센트,regular,,,한국,제주,"제주특별자치도 제주시 한림읍 옹포7길 25, 슈퍼패스트 제주","￦1,000,000","￦500,000","￦500,000",개발,.NET 개발자;소프트웨어 엔지니어,https://www.wanted.co.kr/wd/370052?client_id=x7eN3AyKUtFUcR2WIUFbWYfS
374866,active,프로케어 상담 매니저,7062,맘편한세상(맘시터),regular,,,한국,서울,서울특별시 서초구 서초대로46길 25 창영빌딩 3층,"￦1,000,000","￦500,000","￦500,000",고객서비스·리테일,CS 매니저;CRM 전문가;서비스 운영,https://www.wanted.co.kr/wd/374866?client_id=x7eN3AyKUtFUcR2WIUFbWYfS
279047,active,프러덕트 디자이너,52765,코코드,regular,,,한국,서울,"서울 마포구 양화로 147, 4층 위워크","￦1,000,000","￦500,000","￦500,000",디자인,"그래픽 디자이너;UI,GUI 디자이너;UX 디자이너",https://www.wanted.co.kr/wd/279047?client_id=x7eN3AyKUtFUcR2WIUFbWYfS
159691,active,[판다랭크] 풀스택 Nodejs 개발자,40311,선데이띵커,regular,,,한국,서울,서울시 마포대로 53길 A동 2412호,"￦1,000,000","￦500,000","￦500,000",개발,웹 개발자;프론트엔드 개발자;Node.js 개발자,https://www.wanted.co.kr/wd/159691?client_id=x7eN3AyKUtFUcR2WIUFbWYfS
352939,active,AI 국제 물류 스타트업 ITOps 엔지니어,25693,아로아랩스,regular,,2026-07-31,한국,서울,"서울 종로구 새문안로 69, 3층","￦1,000,000","￦500,000","￦500,000",개발,DevOps / 시스템 관리자,https://www.wanted.co.kr/wd/352939?client_id=x7eN3AyKUtFUcR2WIUFbWYfS
279435,active,Flutter/Dart 풀스택 엔지니어,52765,코코드,regular,,,한국,서울,"서울 마포구 양화로 147, 4층 위워크","￦1,000,000","￦500,000","￦500,000",개발,서버 개발자;프론트엔드 개발자;소프트웨어 엔지니어,https://www.wanted.co.kr/wd/279435?client_id=x7eN3AyKUtFUcR2WIUFbWYfS
374612,active,서비스기획 PM,44594,모비고,regular,,2026-07-23,한국,서울,"서울 서초구 강남대로95길 17, 4층","￦1,000,000","￦500,000","￦500,000",경영·비즈니스,서비스 기획자;PM·PO,https://www.wanted.co.kr/wd/374612?client_id=x7eN3AyKUtFUcR2WIUFbWYfS
374863,active,아트 팀장 (Art Director / Lead Artist),10017,데브즈유나이티드게임즈,regular,,,한국,서울,"서울 강남구 학동로 105, 3층","￦1,000,000","￦500,000","￦500,000",게임 제작,게임 그래픽 디자이너;게임 아티스트,https://www.wanted.co.kr/wd/374863?client_id=x7eN3AyKUtFUcR2WIUFbWYfS
374859,active,Data Engineer (2년 이상),468,플리토,regular,,2026-07-26,한국,서울,"서울특별시 강남구 영동대로 96길 20 대화빌딩, 6층","￦1,000,000","￦500,000","￦500,000",개발,데이터 엔지니어,https://www.wanted.co.kr/wd/374859?client_id=x7eN3AyKUtFUcR2WIUFbWYfS
371924,active,Front-end 개발자 (5년 이상),36859,아파트아이,regular,,2026-08-31,한국,서울,서울특별시 금천구 가산디지털1로 186 제이플라츠 1203호,"￦1,000,000","￦500,000","￦500,000",개발,프론트엔드 개발자,https://www.wanted.co.kr/wd/371924?client_id=x7eN3AyKUtFUcR2WIUFbWYfS
336520,active,[텀블벅] 프론트엔드 개발자 (1~3년),282,백패커,regular,,,한국,서울,"서울 서초구 서초대로 398, 20층","￦1,000,000","￦500,000","￦500,000",개발,웹 개발자;프론트엔드 개발자,https://www.wanted.co.kr/wd/336520?client_id=x7eN3AyKUtFUcR2WIUFbWYfS
371607,active,스킨케어 화장품 영업 팀장,33770,씨앤씨인터내셔널,regular,,2026-07-31,한국,경기,"경기 수원시 영통구 신원로198번길 15-13, 씨앤씨인터내셔널 수원R&I센터","￦1,000,000","￦500,000","￦500,000",영업,주요고객사 담당자;기업영업,https://www.wanted.co.kr/wd/371607?client_id=x7eN3AyKUtFUcR2WIUFbWYfS
374850,active,[Live-Ops] 게임 3D 디자이너(2년 이상),27043,슈퍼센트,regular,,,한국,서울,"서울 송파구 올림픽로 300, 롯데월드타워 9층 슈퍼센트","￦1,000,000","￦500,000","￦500,000",게임 제작,게임 그래픽 디자이너,https://www.wanted.co.kr/wd/374850?client_id=x7eN3AyKUtFUcR2WIUFbWYfS
374849,active,[SUNBURN PROJECT] 비주얼팀 디자이너 팀원,23096,코자,regular,,,한국,서울,서울 성동구 뚝섬로1길 63,"￦1,000,000","￦500,000","￦500,000",디자인,그래픽 디자이너;제품 디자이너,https://www.wanted.co.kr/wd/374849?client_id=x7eN3AyKUtFUcR2WIUFbWYfS
374843,active,PG(전자지급결제대행) 사업 기획/운영 매니저,5193,유핀테크허브(유트랜스퍼),regular,,,한국,서울,서울특별시 강남구 테헤란로 207 아가방빌딩,"￦1,000,000","￦500,000","￦500,000",경영·비즈니스,운영 매니저;사업개발·기획자,https://www.wanted.co.kr/wd/374843?client_id=x7eN3AyKUtFUcR2WIUFbWYfS
363749,active,[피플앤컬처] HR 매니저,13711,윗유,regular,,,한국,서울,서울 강남구 선릉로132길 21,"￦1,000,000","￦500,000","￦500,000",HR,급여담당;인사담당;리크루터,https://www.wanted.co.kr/wd/363749?client_id=x7eN3AyKUtFUcR2WIUFbWYfS
363270,active,[글로벌] 틱톡샵 어필리에이트 마케터,13711,윗유,regular,foreigner,2026-08-21,한국,서울,서울 강남구 선릉로132길 21,"￦1,000,000","￦500,000","￦500,000",마케팅·광고,브랜드 마케터;글로벌 마케팅;마케터,https://www.wanted.co.kr/wd/363270?client_id=x7eN3AyKUtFUcR2WIUFbWYfS
364152,active,[피플앤컬처] 커뮤니티 매니저(총무),13711,윗유,regular,,2026-08-26,한국,서울,서울 강남구 선릉로132길 21,"￦1,000,000","￦500,000","￦500,000",경영·비즈니스,운영 매니저;총무;오피스 관리,https://www.wanted.co.kr/wd/364152?client_id=x7eN3AyKUtFUcR2WIUFbWYfS
364150,active,[크리에이터] 숏폼 크리에이터 광고기획자(AE),13711,윗유,regular,,2026-08-26,한국,서울,서울 강남구 선릉로132길 21,"￦1,000,000","￦500,000","￦500,000",마케팅·광고,광고 기획자(AE);마케터;마케팅 전략 기획자,https://www.wanted.co.kr/wd/364150?client_id=x7eN3AyKUtFUcR2WIUFbWYfS
371759,active,소셜 콘텐츠 매니저(신입~3년차),41565,림앤코,regular,,2026-07-19,한국,서울,마포구 서교동 444-3,"￦1,000,000","￦500,000","￦500,000",마케팅·광고,광고 기획자(AE);글로벌 마케팅;브랜드 마케터,https://www.wanted.co.kr/wd/371759?client_id=x7eN3AyKUtFUcR2WIUFbWYfS
374671,active,패션 생산관리 시니어 매니저 (생산 MD),47104,두어스(ZVZO),regular,,,한국,서울,"서울 서초구 서초대로 398, 8층","￦1,000,000","￦500,000","￦500,000",제조·생산,섬유·의류·패션;생산 관리자,https://www.wanted.co.kr/wd/374671?client_id=x7eN3AyKUtFUcR2WIUFbWYfS
374445,active,VP of Engineering,43808,리아드코퍼레이션,regular,,,한국,서울,"서울 강남구 테헤란로 217, 오렌지플래닛","￦1,000,000","￦500,000","￦500,000",경영·비즈니스,사업개발·기획자;서비스 기획자,https://www.wanted.co.kr/wd/374445?client_id=x7eN3AyKUtFUcR2WIUFbWYfS
284183,active,백엔드 엔지니어,1939,코드잇(codeit),regular,,,한국,서울,중구 청계천로 100 시그니쳐타워 동관 10층,"￦1,000,000","￦500,000","￦500,000",개발,서버 개발자;DevOps / 시스템 관리자;소프트웨어 엔지니어,https://www.wanted.co.kr/wd/284183?client_id=x7eN3AyKUtFUcR2WIUFbWYfS
374834,active,[포카마켓] 상품 MD 파트장 (5년 이상),28982,인플루디오,regular,,,한국,서울,"서울 영등포구 영중로 15, A동 20층 2001호","￦1,000,000","￦500,000","￦500,000",고객서비스·리테일,MD,https://www.wanted.co.kr/wd/374834?client_id=x7eN3AyKUtFUcR2WIUFbWYfS
373656,active,어카운트 매니저 (신입-2년 미만),1450,오픈서베이,regular,,,한국,서울,서울특별시 강남구 강남대로84길 13 KR타워,"￦1,000,000","￦500,000","￦500,000",마케팅·광고,브랜드 마케터;마켓 리서처,https://www.wanted.co.kr/wd/373656?client_id=x7eN3AyKUtFUcR2WIUFbWYfS
374773,active,사업그룹 어카운트 매니저,1450,오픈서베이,regular,,,한국,서울,서울특별시 강남구 강남대로84길 13 KR타워,"￦1,000,000","￦500,000","￦500,000",마케팅·광고,마켓 리서처,https://www.wanted.co.kr/wd/374773?client_id=x7eN3AyKUtFUcR2WIUFbWYfS
370551,active,SAP CO 모듈 운영,33684,대동애그테크,regular,,2026-07-26,한국,서울,"서울 서초구 효령로 347, 6층","￦1,000,000","￦500,000","￦500,000",개발,파이썬 개발자;자바 개발자,https://www.wanted.co.kr/wd/370551?client_id=x7eN3AyKUtFUcR2WIUFbWYfS
372956,active,[AI Agent 스타트업] 그로스 마케터,10835,튜링,regular,alternative_military,,한국,서울,"서울 강남구 언주로85길 23-6, 3층","￦1,000,000","￦500,000","￦500,000",마케팅·광고,퍼포먼스 마케터;콘텐츠 마케터;CRM 마케터,https://www.wanted.co.kr/wd/372956?client_id=x7eN3AyKUtFUcR2WIUFbWYfS
374271,active,시니어 백엔드 엔지니어,43808,리아드코퍼레이션,regular,,,한국,서울,"서울 강남구 테헤란로 217, 오렌지플래닛","￦1,000,000","￦500,000","￦500,000",개발,DevOps / 시스템 관리자;Node.js 개발자,https://www.wanted.co.kr/wd/374271?client_id=x7eN3AyKUtFUcR2WIUFbWYfS
374813,active,그래픽 디자이너,55503,니우스엔,regular,,,한국,서울,"서울 강남구 도산대로57길 18, 5층","￦1,000,000","￦500,000","￦500,000",디자인,그래픽 디자이너,https://www.wanted.co.kr/wd/374813?client_id=x7eN3AyKUtFUcR2WIUFbWYfS
361321,active,"Software Engineer (백엔드, 파이썬)",50605,메딜리티,regular,,,한국,서울,"서울시 강남구 선릉로90길38, 현민타워 3층","￦1,000,000","￦500,000","￦500,000",개발,서버 개발자;DevOps / 시스템 관리자;파이썬 개발자,https://www.wanted.co.kr/wd/361321?client_id=x7eN3AyKUtFUcR2WIUFbWYfS
348310,active,AI Engineer (Vision/딥러닝),50605,메딜리티,regular,,,한국,서울,"서울시 강남구 선릉로90길38, 현민타워 3층","￦1,000,000","￦500,000","￦500,000",개발,DevOps / 시스템 관리자;머신러닝 엔지니어;데이터 엔지니어,https://www.wanted.co.kr/wd/348310?client_id=x7eN3AyKUtFUcR2WIUFbWYfS
374831,active,O&M 엔지니어,1025,엔라이튼,regular,,2026-08-10,한국,서울,"서울 송파구 올림픽로 289, 7층","￦1,000,000","￦500,000","￦500,000",엔지니어링·설계,제어 엔지니어;설비 엔지니어;전기 엔지니어,https://www.wanted.co.kr/wd/374831?client_id=x7eN3AyKUtFUcR2WIUFbWYfS
374830,active,언론홍보(PR) 담당자,51481,블루밍그레이스,regular,,,한국,서울,서울 강남구 도산대로81길 12,"￦1,000,000","￦500,000","￦500,000",미디어,"연예,엔터테인먼트",https://www.wanted.co.kr/wd/374830?client_id=x7eN3AyKUtFUcR2WIUFbWYfS
373423,active,보안관제 및 침해대응 엔지니어,1014,엘리스,regular,,,한국,서울,"서울 강남구 테헤란로 445, 본솔빌딩 5~9층","￦1,000,000","￦500,000","￦500,000",정보보호,보안관제;모의해킹/취약점 진단;보안 엔지니어,https://www.wanted.co.kr/wd/373423?client_id=x7eN3AyKUtFUcR2WIUFbWYfS
368928,active,EPC 엔지니어,1025,엔라이튼,regular,,2026-08-10,한국,서울,"서울 송파구 올림픽로 289, 7층 엔라이튼","￦1,000,000","￦500,000","￦500,000",제조·생산,품질 관리자;기계·설비·설계;공정 관리자,https://www.wanted.co.kr/wd/368928?client_id=x7eN3AyKUtFUcR2WIUFbWYfS
374827,active,[포카마켓] 경영관리팀 팀장 (10년 이상),28982,인플루디오,regular,,,한국,서울,"서울 영등포구 영중로 15, A동 20층 2001호","￦1,000,000","￦500,000","￦500,000",경영·비즈니스,조직관리,https://www.wanted.co.kr/wd/374827?client_id=x7eN3AyKUtFUcR2WIUFbWYfS
355985,active,서비스 기획자,3716,에이아이트릭스(AITRICS),regular,,,한국,서울,"서울특별시 강남구 테헤란로 218, AP Tower 13층 ","￦1,000,000","￦500,000","￦500,000",경영·비즈니스,전략 기획자;사업개발·기획자;서비스 기획자,https://www.wanted.co.kr/wd/355985?client_id=x7eN3AyKUtFUcR2WIUFbWYfS
374825,active,팬 커뮤니티 사업 운영 지원*,4315,위버스컴퍼니(WEVERSE COMPANY),contract,,,한국,서울,서울특별시 용산구 한강대로 42,"￦200,000","￦100,000","￦100,000",미디어,"연예,엔터테인먼트",https://www.wanted.co.kr/wd/374825?client_id=x7eN3AyKUtFUcR2WIUFbWYfS
374823,active,[쌤157] 백엔드 개발자 (Java),24084,널리소프트,regular,,,한국,서울,"서울 영등포구 양평로25길 8, 11층, 쌤157","￦1,000,000","￦500,000","￦500,000",개발,자바 개발자,https://www.wanted.co.kr/wd/374823?client_id=x7eN3AyKUtFUcR2WIUFbWYfS
374824,active,IT 구매관리담당자,2091,제논,regular,,,한국,서울,서울특별시 강남구 남부순환로 2621 플래그원 13층,"￦1,000,000","￦500,000","￦500,000",경영·비즈니스,구매담당,https://www.wanted.co.kr/wd/374824?client_id=x7eN3AyKUtFUcR2WIUFbWYfS
374820,active,[데이터사업팀] B2B Business Developer,890,한국신용데이터(KCD),regular,,,한국,서울,"서울특별시 강남구 테헤란로 127, 5층(하나금융그룹 강남사옥)","￦1,000,000","￦500,000","￦500,000",경영·비즈니스,전략 기획자;사업개발·기획자,https://www.wanted.co.kr/wd/374820?client_id=x7eN3AyKUtFUcR2WIUFbWYfS
374819,active,[제품팀] Product Designer (3년 이상),37159,가제트코리아,regular,,,한국,서울,"서울시 강서구 마곡중앙5로 22, 9층","￦1,000,000","￦500,000","￦500,000",디자인,"UI,GUI 디자이너;UX 디자이너",https://www.wanted.co.kr/wd/374819?client_id=x7eN3AyKUtFUcR2WIUFbWYfS
374818,active,[포카마켓] B2B 사업 총괄 (7년 이상),28982,인플루디오,regular,,,한국,서울,"서울 영등포구 영중로 15, A동 20층 2001호","￦1,000,000","￦500,000","￦500,000",영업,주요고객사 담당자;영업 관리자;해외영업,https://www.wanted.co.kr/wd/374818?client_id=x7eN3AyKUtFUcR2WIUFbWYfS
339838,active,[올웨이즈] Product Owner  (검색/추천/커머스 광고),30423,레브잇,regular,,,한국,서울,"서울특별시 관악구 남부순환로 1836 7층, 8층","￦1,000,000","￦500,000","￦500,000",경영·비즈니스,서비스 기획자;PM·PO,https://www.wanted.co.kr/wd/339838?client_id=x7eN3AyKUtFUcR2WIUFbWYfS
374814,active,[포카마켓] 오프라인 사업 총괄 (7년 이상),28982,인플루디오,regular,,,한국,서울,"서울 영등포구 영중로 15, A동 20층 2001호","￦1,000,000","￦500,000","￦500,000",경영·비즈니스,운영 매니저;사업개발·기획자;PM·PO,https://www.wanted.co.kr/wd/374814?client_id=x7eN3AyKUtFUcR2WIUFbWYfS
374573,active,Flutter 개발자,19386,엔코위더스,regular,,2026-08-31,한국,서울,서울 마포구 백범로31길 21,"￦1,000,000","￦500,000","￦500,000",개발,안드로이드 개발자;iOS 개발자;크로스플랫폼 앱 개발자,https://www.wanted.co.kr/wd/374573?client_id=x7eN3AyKUtFUcR2WIUFbWYfS
373321,active,[닥터펠리스] CX Manager (2~5년),43143,포바이투,regular,,,한국,서울,"서울 강남구 삼성로91길 32, 3층","￦1,000,000","￦500,000","￦500,000",고객서비스·리테일,CS 어드바이저;CS 매니저,https://www.wanted.co.kr/wd/373321?client_id=x7eN3AyKUtFUcR2WIUFbWYfS
364334,active,Applied Scientist (Agent),45460,인포시즈,regular,alternative_military,,한국,서울,서울 강남구 역삼동 725-17,"￦1,000,000","￦500,000","￦500,000",개발,데이터 사이언티스트;머신러닝 엔지니어;데이터 엔지니어,https://www.wanted.co.kr/wd/364334?client_id=x7eN3AyKUtFUcR2WIUFbWYfS
354256,active,"[인공지능솔루션 개발사] 사업개발 담당자(시니어급, 경력 10년 내외)",2091,제논,regular,,,한국,서울,서울특별시 강남구 남부순환로 2621 플래그원 13층,"￦1,000,000","￦500,000","￦500,000",영업,기술영업;솔루션 컨설턴트,https://www.wanted.co.kr/wd/354256?client_id=x7eN3AyKUtFUcR2WIUFbWYfS
303925,active,CS 매니저,15481,아이헤이트플라잉버그스,regular,,,한국,서울,"서울특별시 영등포구 여의대로 108 파크원 타워1, 38-39층","￦1,000,000","￦500,000","￦500,000",고객서비스·리테일,CS 어드바이저;CS 매니저,https://www.wanted.co.kr/wd/303925?client_id=x7eN3AyKUtFUcR2WIUFbWYfS
374811,active,PM(Product Manager),16782,테크타카(ARGO),regular,,,한국,서울,"서울특별시 강남대로53길 8, 5층","￦1,000,000","￦500,000","￦500,000",경영·비즈니스,서비스 기획자;PM·PO,https://www.wanted.co.kr/wd/374811?client_id=x7eN3AyKUtFUcR2WIUFbWYfS
343504,active,리크루터,1939,코드잇(codeit),regular,,,한국,서울,중구 청계천로 100 시그니쳐타워 동관 10층,"￦1,000,000","￦500,000","￦500,000",HR,인사담당;리크루터,https://www.wanted.co.kr/wd/343504?client_id=x7eN3AyKUtFUcR2WIUFbWYfS
374790,active,B2B Sales Manager(기업 복지몰/휴앙소 신사업 담당),1799,트립비토즈(tripbtoz),regular,,,한국,서울,"강남구 테헤란로 415, L7 빌딩","￦1,000,000","￦500,000","￦500,000",영업,기업영업,https://www.wanted.co.kr/wd/374790?client_id=x7eN3AyKUtFUcR2WIUFbWYfS
374810,active,AI개발자 10년 이상,473,비큐에이아이,regular,,,한국,서울,"중구 퇴계로 385 (흥인동) 준타워 5,6,9층","￦1,000,000","￦500,000","￦500,000",개발,머신러닝 엔지니어,https://www.wanted.co.kr/wd/374810?client_id=x7eN3AyKUtFUcR2WIUFbWYfS
374808,active,[빼기] ASIA No.1 환경플랫폼 기관대상 영업 매니저(B2G),6817,같다(gatda Corp),regular,,2026-07-31,한국,서울,"서울 성동구 아차산로 38, 개풍빌딩 4층(스파크플러스 성수 2호점)","￦1,000,000","￦500,000","￦500,000",영업,기술영업;기업영업;외부영업,https://www.wanted.co.kr/wd/374808?client_id=x7eN3AyKUtFUcR2WIUFbWYfS
347561,active,(산업기능요원) 백엔드 엔지니어,1939,코드잇(codeit),regular,alternative_military,,한국,서울,중구 청계천로 100 시그니쳐타워 동관 10층,"￦1,000,000","￦500,000","￦500,000",개발,서버 개발자;DevOps / 시스템 관리자,https://www.wanted.co.kr/wd/347561?client_id=x7eN3AyKUtFUcR2WIUFbWYfS
374806,active,[빼기] ASIA No.1 환경플랫폼 B2G 전략 유닛리더(신사업기획/제안영업),6817,같다(gatda Corp),regular,,2026-07-31,한국,서울,"서울 성동구 아차산로 38, 개풍빌딩 4층(스파크플러스 성수 2호점)","￦1,000,000","￦500,000","￦500,000",경영·비즈니스,컨설턴트;해외 사업개발·기획자;사업개발·기획자,https://www.wanted.co.kr/wd/374806?client_id=x7eN3AyKUtFUcR2WIUFbWYfS
366268,active,Recruiting Manager,10997,엘박스,regular,,,한국,서울,"서울특별시 강남구 테헤란로 306, 카이트타워 5층","￦1,000,000","￦500,000","￦500,000",HR,리크루터;평가·보상,https://www.wanted.co.kr/wd/366268?client_id=x7eN3AyKUtFUcR2WIUFbWYfS
364908,active,IR Team Leader,10997,엘박스,regular,foreigner,,한국,서울,"서울특별시 강남구 테헤란로 306, 카이트타워 5층","￦1,000,000","￦500,000","￦500,000",경영·비즈니스,경영 혁신가,https://www.wanted.co.kr/wd/364908?client_id=x7eN3AyKUtFUcR2WIUFbWYfS
363002,active,Lfind Tech Lead,10997,엘박스,regular,,,한국,서울,"서울특별시 강남구 테헤란로 306, 카이트타워 5층","￦1,000,000","￦500,000","￦500,000",개발,서버 개발자;개발 매니저,https://www.wanted.co.kr/wd/363002?client_id=x7eN3AyKUtFUcR2WIUFbWYfS
361081,active,Finance Manager (FP&A),10997,엘박스,regular,,,한국,서울,"서울특별시 강남구 테헤란로 306, 카이트타워 5층","￦1,000,000","￦500,000","￦500,000",경영·비즈니스,자금담당,https://www.wanted.co.kr/wd/361081?client_id=x7eN3AyKUtFUcR2WIUFbWYfS
357569,active,Security Engineer,10997,엘박스,regular,,,한국,서울,"서울특별시 강남구 테헤란로 306, 카이트타워 5층","￦1,000,000","￦500,000","￦500,000",정보보호,보안 엔지니어,https://www.wanted.co.kr/wd/357569?client_id=x7eN3AyKUtFUcR2WIUFbWYfS
